,Adjusted net savings (% of GNI),"Adolescent birth rate (births per 1,000 women ages 15-19)",Birth registration (% under age 5),Carbon dioxide emissions (kg per 2011 PPP $ of GDP),Carbon dioxide emissions per capita (tonnes),Child labour (% ages 5-14),"Child malnutrition, stunting (moderate or severe) (% under age 5)",Current health expenditure (% of GDP),Domestic credit provided by financial sector (% of GDP),Education Index,Employment in agriculture (% of total employment),Employment in services (% of total employment),Employment to population ratio (% ages 15 and older),"Estimated gross national income per capita, female (2011 PPP$)","Estimated gross national income per capita, male (2011 PPP$)",Expected years of schooling (years),"Expected years of schooling, female (years)","Expected years of schooling, male (years)",Exports and imports (% of GDP),"Foreign direct investment, net inflows (% of GDP)",Forest area (% of total land area),"Forest area, change (%)",Fossil fuel energy consumption (% of total energy consumption),Gender Development Index (GDI),Gender Inequality Index (GII),Government expenditure on education (% of GDP),Gross capital formation (% of GDP),Gross domestic product (GDP) per capita (2011 PPP $),"Gross domestic product (GDP), total (2011 PPP $ billions)","Gross enrolment ratio, pre-primary (% of preschool-age children)","Gross enrolment ratio, primary (% of primary school-age population)","Gross enrolment ratio, secondary (% of secondary school-age population)","Gross enrolment ratio, tertiary (% of tertiary school-age population)",Gross fixed capital formation (% of GDP),Gross national income (GNI) per capita (2011 PPP$),"HIV prevalence, adult (% ages 15-49), total",Homeless people due to natural disaster (average annual per million people),"Homicide rate (per 100,000 people)","Human Development Index (HDI), female","Human Development Index (HDI), male",Human Development Index (HDI),Income Index,"Income quintile ratio, average annual change (%)","Infants lacking immunization, DTP (% of one-year-olds)","Infants lacking immunization, measles (% of one-year-olds)",International inbound tourists (thousands),"Internet users, total (% of population)","Labour force participation rate (% ages 15 and older), female","Labour force participation rate (% ages 15 and older), male",Labour force participation rate (% ages 15 and older),Life expectancy at birth (years),"Life expectancy at birth, female (years)","Life expectancy at birth, male (years)",Life expectancy Index,Mandatory paid maternity leave (days),"Maternal mortality ratio (deaths per 100,000 live births)",Mean years of schooling (years),"Mean years of schooling, female (years)","Mean years of schooling, male (years)",Median age (years),Mobile phone subscriptions (per 100 people),"Mortality rate, female adult (per 1,000 people)","Mortality rate, infant (per 1,000 live births)","Mortality rate, male adult (per 1,000 people)","Mortality rate, under-five (per 1,000 live births)",MPI 2018_ Contribution to Education,MPI 2018_ Contribution to Health,MPI 2018_ Contribution to Standard of Living,Multidimensional poverty index (MPI),"Net migration rate (per 1,000 people)",Net official development assistance received (% of GNI),Old age dependency ratio (old age (65 and older) per 100 people (ages 15-64)),Old age pension recipients (% of statutory pension age population),"Overall loss in HDI value due to inequality, average annual change (%)","Population in multidimensional poverty, headcount (%)","Population in multidimensional poverty, headcount (thousands) (for the year of survey)","Population in multidimensional poverty, headcount (thousands) (projections for 2016)","Population in multidimensional poverty, intensity of deprivation (%)",Population in severe multidimensional poverty (%),"Population living below income poverty line, PPP $1",Population using improved drinking-water sources (%),Population using improved sanitation facilities (%),Population vulnerable to multidimensional poverty (%),Population with at least some secondary education (% ages 25 and older),"Population with at least some secondary education, female (% ages 25 and older)","Population with at least some secondary education, male (% ages 25 and older)","Population, ages 15–64 (millions)","Population, ages 65 and older (millions)","Population, total (millions)","Population, under age 5 (millions)","Population, urban (%)","Prison population (per 100,000 people)",Private capital flows (% of GDP),Proportion of births attended by skilled health personnel (%),"Pupil-teacher ratio, primary school (number of pupils per teacher)",Refugees by country of origin (thousands),"Remittances, inflows (% of GDP)",Renewable energy consumption (% of total final energy consumption),Rural population with access to electricity (%),Sex ratio at birth (male to female births),"Share of employment in nonagriculture, female (% of total employment in nonagriculture)",Share of seats in parliament (% held by women),Total unemployment rate (female to male ratio),"Tuberculosis incidence (per 100,000 people)","Unemployment, total (% of labour force)","Unemployment, youth (% ages 15–24)",Vulnerable employment (% of total employment),Working poor at PPP$3,Young age (0-14) dependency ratio (per 100 people ages 15-64),Youth unemployment rate (female to male ratio)
 Albania,23.0,18.8,19.0,0.18,1.4,15.81,0.91,6.3,49.9,0.623,54.0,26.2,47.8,5521.0,10190.0,11.5,11.4,11.3,70.3,3.2,28.6,28.6,66.5,0.94,0.32899999999999996,3.2,37.0,7733.0,23.3,51.0,101.0,78.0,23.0,37.0,7862.0,0.1,19.0,5.0,0.6759999999999999,0.7190000000000001,0.7040000000000001,0.659,37.0,1.0,3.0,748.0,6.0,48.1,67.9,57.9,75.2,78.2,72.7,0.85,0.7190000000000001,30.0,9.1,8.3,9.3,29.2,49.7,60.0,18.2,109.0,20.4,-11.4,-11.4,-11.4,-11.4,-11.4,3.8,13.1,67.9,37.0,-11.4,-11.4,-11.4,-11.4,-11.4,-11.4,87.9,92.2,-11.4,82.7,75.4,83.1,2.0,0.3,3.1,0.2,46.7,5.0,-3.1,99.8,22.0,5.0,15.81,36.9,100.0,1.08,28.9,7.1,1.23,19.0,17.5,31.1,63.3,2.9,40.7,0.91
 Algeria,34.5,9.7,80.0,0.26,3.2,0.17,1.13,3.2,7.3,0.57,20.0,50.2,36.0,2724.0,20149.0,12.3,12.4,12.1,71.3,1.1,0.6,0.6,99.6,0.807,0.561,4.4,31.7,12322.0,410.2,6.0,108.0,79.0,21.0,22.4,11537.0,0.1,80.0,0.6,0.584,0.7240000000000001,0.6920000000000001,0.7170000000000001,31.7,6.0,17.0,1443.0,5.8,12.8,71.8,42.5,72.8,74.1,71.5,0.812,0.7240000000000001,148.0,6.9,4.8,7.0,24.1,41.0,104.0,28.8,133.0,33.5,-1.3,-1.3,-1.3,-1.3,-1.3,0.4,7.5,71.8,31.7,-1.3,-1.3,-1.3,-1.3,-1.3,-1.3,91.2,85.3,-1.3,24.2,20.9,27.7,22.0,1.6,33.3,3.0,63.8,0.6,-1.1,98.2,25.0,0.6,0.17,0.6,97.4,1.05,13.6,5.3,2.16,80.0,15.3,30.7,30.6,14.5,44.1,1.13
 Argentina,9.2,65.0,31.0,0.27,4.1,0.22,1.14,6.4,34.9,0.7509999999999999,1.3,75.5,54.9,9418.0,20754.0,16.1,16.9,15.3,40.6,2.6,11.0,11.0,89.1,0.996,0.37200000000000005,3.9,18.9,15519.0,607.5,64.0,117.0,94.0,64.0,17.4,14963.0,0.4,31.0,3.6,0.777,0.7809999999999999,0.782,0.757,18.9,1.0,2.0,3823.0,17.7,49.4,75.6,62.1,74.8,78.6,71.0,0.843,0.7809999999999999,58.0,9.1,9.7,8.8,28.7,56.6,86.0,14.8,172.0,16.6,-0.5,-0.5,-0.5,-0.5,-0.5,0.0,16.1,75.6,18.9,-0.5,-0.5,-0.5,-0.5,-0.5,-0.5,99.2,94.8,-0.5,56.4,56.1,56.7,24.6,4.0,39.1,3.6,90.0,3.6,-1.8,99.1,17.0,3.6,0.22,9.0,96.8,1.04,40.5,37.4,1.37,31.0,11.5,26.0,21.4,7.2,42.7,1.14
 Armenia,14.8,32.4,92.0,0.27,1.5,18.68,1.17,7.0,8.8,0.675,40.6,41.7,51.3,3508.0,7945.0,11.2,12.9,11.1,72.0,6.0,11.7,11.7,68.1,0.963,0.40299999999999997,2.7,30.5,5357.0,16.0,32.0,95.0,92.0,40.0,29.8,5594.0,0.2,92.0,1.9,0.679,0.705,0.693,0.608,30.5,4.0,6.0,319.0,5.3,47.5,65.9,55.9,72.6,75.6,69.3,0.81,0.705,40.0,10.9,10.7,10.7,31.8,10.7,90.0,20.8,195.0,23.4,-10.6,-10.6,-10.6,-10.6,-10.6,3.4,17.9,65.9,30.5,-10.6,-10.6,-10.6,-10.6,-10.6,-10.6,96.7,90.8,-10.6,92.8,92.4,94.3,2.0,0.4,3.0,0.2,63.9,1.9,-5.8,97.8,21.0,1.9,18.68,6.5,99.7,1.17,41.0,5.3,1.21,92.0,8.2,17.2,57.3,18.5,32.2,1.17
 Australia,6.1,16.9,5.9,0.44,17.2,0.14,0.97,8.0,113.4,0.892,3.6,75.3,61.3,28330.0,46980.0,20.3,20.6,20.0,39.3,-3.6,16.6,16.6,94.2,0.9640000000000001,0.139,4.9,27.5,38928.0,793.9,86.0,103.0,85.0,26.0,27.1,37638.0,0.1,5.9,1.3,0.892,0.9259999999999999,0.9079999999999999,0.8959999999999999,27.5,3.0,6.0,5499.0,63.0,57.1,72.2,64.5,81.0,83.3,78.6,0.938,0.9259999999999999,7.0,11.7,11.6,12.2,36.6,91.0,48.0,4.7,85.0,5.7,5.9,5.9,5.9,5.9,5.9,2.3,19.2,72.2,27.5,5.9,5.9,5.9,5.9,5.9,5.9,99.8,100.0,5.9,90.9,90.3,91.5,13.6,2.6,20.2,1.3,84.6,1.3,-5.8,99.4,22.0,1.3,0.14,6.7,100.0,1.06,45.1,28.3,1.06,5.9,5.0,10.6,12.2,28.8,29.4,0.97
 Austria,13.9,13.3,13.0,0.22,9.0,0.73,0.95,9.6,126.0,0.7490000000000001,5.3,67.2,54.8,26387.0,56852.0,15.0,15.2,14.9,94.0,25.7,46.6,46.6,77.2,0.9359999999999999,0.11800000000000001,5.2,23.8,41283.0,339.7,89.0,101.0,100.0,26.0,23.1,41196.0,0.4,13.0,0.7,0.818,0.8740000000000001,0.855,0.91,23.8,1.0,25.0,19952.0,58.0,50.7,66.1,58.1,79.6,82.3,76.6,0.9159999999999999,0.8740000000000001,5.0,9.9,8.6,10.6,40.0,105.0,55.0,4.1,111.0,4.9,4.4,4.4,4.4,4.4,4.4,2.3,23.9,66.1,23.8,4.4,4.4,4.4,4.4,4.4,4.4,100.0,100.0,4.4,73.2,100.0,100.0,5.6,1.3,8.3,0.4,58.8,0.7,4.3,98.6,12.0,0.7,0.73,24.2,100.0,1.06,45.1,32.2,1.05,13.0,5.6,11.0,8.4,28.8,23.5,0.95
 Azerbaijan,14.5,32.6,88.0,0.51,4.1,4.71,1.09,7.4,11.2,0.652,40.5,46.9,58.8,4579.0,9372.0,10.7,11.2,11.6,115.8,33.8,10.6,10.6,97.1,0.929,0.319,3.0,41.5,8052.0,67.6,25.0,96.0,85.0,26.0,41.3,6940.0,0.1,88.0,2.2,0.6579999999999999,0.708,0.679,0.64,41.5,19.0,33.0,693.0,8.0,61.1,66.0,63.5,68.8,71.8,65.7,0.75,0.708,34.0,10.7,10.1,11.3,27.1,26.3,103.0,44.1,198.0,51.9,0.9,0.9,0.9,0.9,0.9,1.8,9.8,66.0,41.5,0.9,0.9,0.9,0.9,0.9,0.9,79.1,73.7,0.9,92.7,90.0,95.8,5.7,0.6,8.5,0.6,52.4,2.2,-3.7,94.4,13.0,2.2,4.71,3.4,98.7,1.17,45.8,13.0,1.39,88.0,7.3,17.7,72.8,0.3,39.0,1.09
 Bahrain,25.8,16.8,36.0,0.5,21.6,1.6949999999999998,1.91,3.0,41.8,0.637,1.3,68.0,63.2,25456.0,54124.0,12.8,14.4,13.2,148.3,6.6,0.6,0.6,100.0,0.9520000000000001,0.325,4.4,26.7,43202.0,38.4,38.0,96.0,96.0,24.0,25.7,42678.0,0.1,36.0,0.5,0.7709999999999999,0.81,0.7909999999999999,0.915,26.7,1.0,1.0,6313.0,21.3,38.9,86.2,68.6,75.3,76.3,74.6,0.851,0.81,20.0,8.4,7.9,8.1,27.8,86.3,69.0,9.1,86.0,10.6,40.0,40.0,40.0,40.0,40.0,2.3,3.1,86.2,26.7,40.0,40.0,40.0,40.0,40.0,40.0,99.9,99.9,40.0,56.9,56.5,57.1,0.6,0.0,0.9,0.1,88.4,0.5,29.4,97.5,22.0,0.5,1.6949999999999998,0.0,100.0,1.04,17.4,7.5,7.21,36.0,7.8,29.0,2.2,28.8,35.6,1.91
 Bangladesh,21.6,106.5,221.0,0.14,0.3,6.68,1.16,2.8,47.7,0.385,48.1,37.4,55.2,784.0,3208.0,8.4,8.5,8.3,34.4,1.1,11.2,11.2,63.3,0.7909999999999999,0.634,4.4,25.8,1930.0,276.8,11.0,98.0,45.0,6.0,25.8,2018.0,0.1,221.0,2.5,0.431,0.544,0.505,0.45399999999999996,25.8,3.0,12.0,208.0,0.2,28.0,86.2,57.6,67.9,68.7,67.3,0.738,0.544,319.0,4.5,3.8,5.1,22.4,6.3,140.0,50.6,167.0,66.5,-2.2,-2.2,-2.2,-2.2,-2.2,1.8,7.0,86.2,25.8,-2.2,-2.2,-2.2,-2.2,-2.2,-2.2,95.6,32.7,-2.2,30.6,25.6,34.8,87.9,6.1,143.4,16.7,26.8,2.5,-1.1,98.2,47.0,2.5,6.68,50.8,31.2,1.05,14.2,14.8,2.06,221.0,4.3,8.8,63.9,90.1,56.2,1.16
 Barbados,1.9,49.1,4.0,0.31,4.9,2.42,1.08,6.3,92.2,0.718,2.4,77.0,63.2,11910.0,17896.0,14.8,15.9,13.8,95.7,6.1,14.7,14.7,0.0,1.0,0.345,5.6,18.5,16152.0,4.4,84.0,96.0,109.0,26.0,18.4,14783.0,1.0,4.0,10.6,0.7659999999999999,0.765,0.767,0.755,18.5,3.0,7.0,548.0,52.5,64.2,75.4,69.5,74.2,76.4,71.7,0.833,0.765,40.0,9.2,9.3,9.1,35.2,75.2,90.0,14.1,144.0,15.4,-0.1,-0.1,-0.1,-0.1,-0.1,-0.1,17.4,75.4,18.5,-0.1,-0.1,-0.1,-0.1,-0.1,-0.1,98.4,90.9,-0.1,86.6,87.5,85.5,0.2,0.0,0.3,0.0,32.8,10.6,-6.7,100.0,15.0,10.6,2.42,9.9,100.0,1.04,49.3,17.6,1.3,4.0,9.1,20.9,16.6,0.5,30.7,1.08
 Belarus,20.7,24.3,74.0,0.55,6.1,0.66,1.06,6.3,21.8,0.716,13.9,50.5,60.3,8975.0,14036.0,14.6,15.0,14.0,118.9,1.0,41.6,41.6,92.7,1.024,0.428,5.9,28.5,11213.0,108.4,103.0,98.0,85.0,67.0,26.5,11337.0,0.1,74.0,8.6,0.732,0.715,0.725,0.715,28.5,1.0,1.0,91.0,10.1,55.4,67.3,60.8,68.4,74.3,62.7,0.7440000000000001,0.715,13.0,9.3,9.2,9.4,38.1,42.6,128.0,6.5,369.0,8.5,-0.1,-0.1,-0.1,-0.1,-0.1,0.2,21.2,67.3,28.5,-0.1,-0.1,-0.1,-0.1,-0.1,-0.1,97.9,94.8,-0.1,55.2,51.7,55.8,6.7,1.4,9.6,0.4,72.4,8.6,-0.9,100.0,16.0,8.6,0.66,6.2,100.0,1.06,51.4,29.8,1.0,74.0,0.9,1.8,2.3,1.4,22.4,1.06
 Belgium,14.1,10.9,12.0,0.26,10.4,1.78,1.02,9.0,100.8,0.856,2.0,73.3,48.7,29282.0,51701.0,18.7,19.5,17.9,143.4,8.7,22.3,22.3,74.8,0.9670000000000001,0.10400000000000001,5.8,23.6,39803.0,417.1,119.0,100.0,160.0,61.0,22.2,40281.0,0.4,12.0,2.1,0.873,0.903,0.889,0.9059999999999999,23.6,2.0,12.0,6747.0,55.8,45.5,61.3,53.2,79.0,81.8,76.1,0.907,0.903,8.0,10.7,10.4,11.0,40.3,91.1,62.0,4.1,114.0,5.0,4.2,4.2,4.2,4.2,4.2,2.3,26.4,61.3,23.6,4.2,4.2,4.2,4.2,4.2,4.2,100.0,99.5,4.2,80.0,74.1,79.3,6.9,1.8,10.5,0.6,97.4,2.1,11.2,98.2,11.0,2.1,1.78,2.5,100.0,1.05,43.7,35.7,1.25,12.0,8.4,21.5,10.6,28.8,26.2,1.02
 Belize,-4.4,91.2,41.0,0.19,1.5,4.01,1.33,4.4,61.5,0.685,19.6,62.6,56.9,4223.0,9895.0,12.3,12.4,12.2,117.4,11.4,62.1,62.1,0.0,0.94,0.46399999999999997,4.4,20.9,7873.0,2.2,28.0,113.0,77.0,16.0,18.5,7073.0,1.5,41.0,28.6,0.6659999999999999,0.7090000000000001,0.693,0.643,20.9,2.0,5.0,237.0,17.0,45.9,81.9,63.9,69.0,72.0,66.3,0.754,0.7090000000000001,52.0,10.3,10.3,10.3,20.2,33.9,142.0,17.9,234.0,21.0,4.4,4.4,4.4,4.4,4.4,1.2,5.8,81.9,20.9,4.4,4.4,4.4,4.4,4.4,4.4,90.7,84.1,4.4,64.9,65.1,62.3,0.2,0.0,0.3,0.0,45.3,28.6,-12.9,76.8,24.0,28.6,4.01,31.0,84.2,1.03,40.5,11.9,2.15,41.0,11.0,20.6,23.6,11.4,67.5,1.33
 Benin,-0.4,115.7,73.0,0.17,0.3,3.06,1.17,4.0,10.2,0.344,47.5,40.6,71.2,1406.0,2059.0,9.1,7.0,10.4,45.8,-0.2,42.7,42.7,31.1,0.789,0.6559999999999999,3.6,17.8,1736.0,13.9,6.0,101.0,85.0,6.0,19.7,1730.0,1.3,73.0,7.2,0.384,0.48700000000000004,0.44,0.431,17.8,16.0,39.0,176.0,1.3,67.3,76.6,71.9,57.4,58.8,55.9,0.575,0.48700000000000004,502.0,2.8,1.8,4.1,17.6,7.5,246.0,78.2,296.0,124.4,0.7,0.7,0.7,0.7,0.7,7.3,6.0,76.6,17.8,0.7,0.7,0.7,0.7,0.7,0.7,62.4,11.2,0.7,16.3,9.5,23.5,4.2,0.3,8.0,1.4,40.5,7.2,-1.5,98.2,47.0,7.2,3.06,59.2,9.2,1.04,55.5,7.2,0.8,73.0,0.9,1.4,90.6,73.6,84.8,1.17
 Bhutan,8.3,70.1,192.0,0.13,0.6,1.6949999999999998,1.05,3.5,21.8,0.335,70.3,24.9,68.5,3397.0,5415.0,9.3,9.3,9.9,102.7,0.8,69.7,69.7,0.0,0.94,0.428,7.1,52.0,4522.0,3.0,1.0,91.0,44.0,5.0,52.1,4457.0,0.4,192.0,1.7,0.672,0.715,0.51,0.574,52.0,3.0,7.0,14.0,3.8,65.4,75.4,70.7,64.9,65.1,64.7,0.691,0.715,308.0,2.3,7.5,7.9,21.4,5.5,256.0,44.9,250.0,57.9,9.4,9.4,9.4,9.4,9.4,11.2,6.2,75.4,52.0,9.4,9.4,9.4,9.4,9.4,9.4,87.8,56.8,9.4,55.2,51.7,55.8,0.4,0.0,0.7,0.1,31.0,1.7,-2.2,52.3,31.0,1.7,1.6949999999999998,91.7,43.7,1.04,28.7,9.3,1.42,192.0,3.1,8.2,68.6,30.4,57.0,1.05
 Bolivia (Plurinational State of),8.3,87.9,158.0,0.28,1.3,3.53,1.02,5.0,71.3,0.631,35.2,44.4,68.8,3296.0,5754.0,14.3,14.0,14.6,67.6,-2.5,54.2,54.2,83.3,0.9159999999999999,0.5579999999999999,4.4,14.3,4695.0,42.8,52.0,115.0,87.0,26.0,13.0,4528.0,0.4,158.0,5.2,0.595,0.65,0.624,0.5760000000000001,14.3,7.0,11.0,524.0,5.2,62.5,82.6,72.5,63.5,65.8,61.4,0.67,0.65,305.0,7.0,6.3,7.7,21.6,26.5,188.0,46.4,252.0,61.1,-2.1,-2.1,-2.1,-2.1,-2.1,7.0,9.3,82.6,14.3,-2.1,-2.1,-2.1,-2.1,-2.1,-2.1,83.9,43.0,-2.1,42.7,37.5,48.3,5.3,0.5,9.1,1.2,64.2,5.2,4.1,98.2,22.0,5.2,3.53,23.5,28.9,1.05,42.4,14.7,1.34,158.0,5.1,9.1,35.2,30.1,63.2,1.02
 Bosnia and Herzegovina,8.3,18.9,70.0,0.52,4.3,18.15,1.03,9.1,38.9,0.599,24.6,47.1,34.3,5641.0,11761.0,12.7,13.1,12.4,103.2,5.6,42.7,42.7,88.5,0.922,0.428,4.4,27.2,8312.0,31.4,57.0,101.0,85.0,26.0,27.1,8648.0,0.4,70.0,1.9,0.6679999999999999,0.725,0.7,0.674,27.2,5.0,10.0,217.0,21.3,37.9,60.5,48.9,75.2,77.8,72.5,0.85,0.725,14.0,7.4,6.4,8.5,36.9,42.2,74.0,7.7,146.0,8.8,-0.3,-0.3,-0.3,-0.3,-0.3,4.6,19.6,60.5,27.2,-0.3,-0.3,-0.3,-0.3,-0.3,-0.3,96.7,94.9,-0.3,55.2,51.7,55.8,2.6,0.5,3.8,0.2,44.0,1.9,-5.4,99.9,22.0,1.9,18.15,19.7,99.1,1.07,35.9,12.3,1.19,70.0,29.8,60.3,22.8,0.4,25.7,1.03
 Botswana,33.6,59.8,728.0,0.19,2.2,1.19,1.18,5.3,-5.5,0.606,27.0,55.9,49.8,7951.0,13377.0,11.9,11.9,11.9,88.5,4.2,21.1,21.1,66.8,0.945,0.532,10.7,27.1,11583.0,21.5,16.0,109.0,81.0,9.0,25.3,10629.0,24.6,728.0,15.7,0.5770000000000001,0.611,0.596,0.705,27.1,2.0,7.0,1474.0,3.3,54.4,71.5,62.8,52.2,53.9,50.3,0.495,0.611,276.0,8.3,8.2,8.4,21.5,30.4,450.0,44.2,547.0,69.8,2.4,2.4,2.4,2.4,2.4,0.5,5.3,71.5,27.1,2.4,2.4,2.4,2.4,2.4,2.4,77.8,56.6,2.4,68.9,67.9,70.0,1.1,0.1,1.9,0.2,55.9,15.7,7.1,94.0,26.0,15.7,1.19,30.8,21.4,1.03,46.9,11.1,1.37,728.0,20.7,36.7,17.9,29.8,57.0,1.18
 Brazil,6.9,76.6,50.0,0.15,1.9,0.32,1.23,8.0,76.2,0.593,20.5,58.1,60.8,9770.0,14373.0,13.8,14.1,13.5,27.1,1.7,60.6,60.6,54.3,1.004,0.467,4.5,17.2,12299.0,2298.8,57.0,133.0,101.0,26.0,17.1,12041.0,0.4,50.0,23.4,0.698,0.696,0.7,0.7240000000000001,17.2,1.0,2.0,5358.0,21.0,55.4,79.3,67.0,72.0,75.9,68.3,0.8009999999999999,0.696,67.0,6.3,6.2,6.0,27.0,46.1,111.0,23.1,225.0,26.1,0.0,0.0,0.0,0.0,0.0,0.0,8.9,79.3,17.2,0.0,0.0,0.0,0.0,0.0,0.0,95.1,77.8,0.0,42.3,44.6,42.7,124.6,11.0,186.9,16.4,82.8,23.4,-2.0,98.6,21.0,23.4,0.32,46.3,83.5,1.05,43.5,9.1,1.64,50.0,9.3,23.4,29.8,14.3,41.2,1.23
 Brunei Darussalam,22.2,23.8,51.0,0.17,13.7,1.6949999999999998,1.08,2.2,10.4,0.679,1.0,79.8,63.6,58394.0,107403.0,14.3,14.5,14.1,97.5,1.8,73.8,73.8,100.0,0.972,0.428,4.4,11.4,82967.0,30.3,59.0,111.0,97.0,15.0,11.4,83411.0,0.4,51.0,0.5,0.821,0.8440000000000001,0.838,1.0,11.4,1.0,2.0,126.0,36.5,56.6,78.0,67.6,76.3,78.0,74.7,0.866,0.8440000000000001,30.0,8.5,8.1,8.8,26.8,63.8,80.0,9.5,112.0,11.5,1.9,1.9,1.9,1.9,1.9,2.3,4.3,78.0,11.4,1.9,1.9,1.9,1.9,1.9,1.9,91.2,85.19999999999999,1.9,63.3,60.7,65.6,0.3,0.0,0.4,0.0,73.2,0.5,-2.1,99.6,10.0,0.5,1.6949999999999998,0.0,100.0,1.06,41.0,13.9,1.37,51.0,5.9,19.2,4.5,0.2,40.2,1.08
 Bulgaria,2.2,40.9,52.0,0.5,6.3,5.44,0.96,6.9,39.3,0.715,8.9,56.8,45.3,9995.0,15063.0,13.5,13.5,13.5,100.5,13.8,33.6,33.6,73.0,0.975,0.25,4.1,27.9,12420.0,95.1,85.0,103.0,89.0,45.0,25.9,12461.0,0.1,52.0,2.6,0.7390000000000001,0.758,0.75,0.7290000000000001,27.9,3.0,4.0,4837.0,20.0,44.7,56.4,50.4,72.7,76.2,69.2,0.81,0.758,15.0,10.2,9.8,10.4,41.2,81.3,92.0,11.0,220.0,13.3,-2.2,-2.2,-2.2,-2.2,-2.2,2.3,25.1,56.4,27.9,-2.2,-2.2,-2.2,-2.2,-2.2,-2.2,99.7,85.9,-2.2,91.3,88.2,93.1,5.3,1.3,7.7,0.3,70.6,2.6,-9.1,99.4,16.0,2.6,5.44,9.9,100.0,1.06,47.2,22.1,0.95,52.0,10.1,22.3,10.3,28.8,19.7,0.96
 Burkina Faso,2.1,137.1,64.0,0.07,0.1,1.04,1.07,4.4,15.5,0.17300000000000001,82.0,12.9,71.2,921.0,1621.0,4.7,4.0,5.3,35.5,0.6,21.7,21.7,73.95,0.787,0.645,4.4,24.1,1266.0,17.0,57.0,58.0,14.0,2.0,19.7,1266.0,1.5,64.0,0.5,0.28300000000000003,0.36,0.324,0.384,24.1,9.0,16.0,245.0,0.5,62.4,86.8,74.2,53.3,54.0,52.4,0.512,0.36,468.0,1.3,0.9,1.8,16.6,4.7,286.0,81.4,326.0,154.6,-2.0,-2.0,-2.0,-2.0,-2.0,12.8,5.0,86.8,24.1,-2.0,-2.0,-2.0,-2.0,-2.0,-2.0,48.8,13.5,-2.0,7.9,5.0,11.2,6.8,0.3,13.4,2.5,21.5,0.5,-0.5,36.7,47.0,0.5,1.04,86.5,2.4,1.05,38.3,11.7,1.13,64.0,4.0,5.8,89.7,79.0,91.3,1.07
 Burundi,-25.5,36.3,195.0,0.03,0.0,0.01,0.69,9.4,23.4,0.24,91.8,5.6,79.8,627.0,802.0,5.9,5.5,6.9,41.6,0.1,7.0,7.0,73.95,0.8490000000000001,0.526,3.6,22.4,724.0,5.4,2.0,82.0,13.0,3.0,22.4,713.0,2.3,195.0,3.6,0.306,0.361,0.33,0.297,22.4,4.0,13.0,148.0,0.5,82.1,80.2,81.1,52.7,54.4,51.1,0.504,0.361,863.0,2.3,1.7,2.9,16.7,2.1,321.0,77.9,372.0,123.9,1.5,1.5,1.5,1.5,1.5,33.2,5.6,80.2,22.4,1.5,1.5,1.5,1.5,1.5,1.5,53.6,44.7,1.5,5.7,4.0,7.7,3.8,0.2,7.4,1.3,9.4,3.6,-0.1,31.8,49.0,3.6,0.01,97.3,1.0,1.03,22.1,31.7,0.55,195.0,1.7,2.9,93.3,91.1,89.0,0.69
 Cabo Verde,8.3,99.3,153.0,0.2,0.9,14.06,1.09,4.8,72.3,0.46299999999999997,73.2,20.0,52.6,2914.0,6479.0,11.5,11.7,11.0,104.3,8.3,20.7,20.7,0.0,0.94,0.428,4.4,22.4,4643.0,2.2,60.0,112.0,71.0,8.0,21.7,4658.0,0.9,153.0,9.3,0.672,0.715,0.598,0.58,22.4,3.0,8.0,198.0,6.1,44.2,75.7,59.3,71.8,73.3,69.9,0.7959999999999999,0.715,54.0,4.3,7.5,7.9,19.7,17.2,117.0,23.4,159.0,27.9,-4.3,-4.3,-4.3,-4.3,-4.3,17.4,10.2,75.7,22.4,-4.3,-4.3,-4.3,-4.3,-4.3,-4.3,79.9,48.2,-4.3,55.2,51.7,55.8,0.3,0.0,0.5,0.1,57.7,9.3,-8.3,77.5,26.0,9.3,14.06,26.6,44.0,1.03,26.2,11.1,1.16,153.0,11.2,17.7,41.5,51.7,67.9,1.09
 Cambodia,4.6,48.2,511.0,0.11,0.2,2.6,0.87,7.1,7.2,0.4,70.8,19.4,79.9,1567.0,2230.0,10.2,9.4,10.8,136.8,6.0,60.8,60.8,27.3,0.8740000000000001,0.561,4.4,18.5,1969.0,26.1,11.0,131.0,85.0,3.0,18.9,1889.0,1.1,511.0,3.4,0.456,0.522,0.49,0.444,18.5,15.0,21.0,1422.0,0.3,76.9,86.7,81.5,63.1,65.3,60.7,0.6629999999999999,0.522,315.0,3.5,2.6,4.7,20.4,8.0,192.0,53.4,251.0,65.5,-0.6,-0.6,-0.6,-0.6,-0.6,9.0,5.7,86.7,18.5,-0.6,-0.6,-0.6,-0.6,-0.6,-0.6,59.9,24.4,-0.6,12.0,8.2,20.5,7.9,0.4,13.3,1.5,19.2,3.4,-5.9,43.8,53.0,3.4,2.6,76.1,12.6,1.03,47.6,10.9,0.82,511.0,2.0,3.4,85.4,83.1,62.2,0.87
 Cameroon,4.0,150.0,311.0,0.07,0.2,0.43,1.18,4.5,12.7,0.4,64.9,25.5,72.5,2185.0,3322.0,8.2,7.8,9.5,51.0,1.4,44.5,44.5,15.3,0.833,0.659,2.9,22.0,2829.0,49.3,19.0,106.0,28.0,6.0,21.7,2753.0,5.1,311.0,3.6,0.426,0.512,0.466,0.501,22.0,15.0,32.0,176.0,1.4,70.4,81.5,75.9,52.9,53.8,52.0,0.506,0.512,729.0,5.1,3.9,6.4,17.7,12.9,375.0,84.1,399.0,136.3,-0.7,-0.7,-0.7,-0.7,-0.7,2.4,6.3,81.5,22.0,-0.7,-0.7,-0.7,-0.7,-0.7,-0.7,58.7,39.3,-0.7,25.1,21.0,32.0,9.2,0.6,17.4,3.0,48.5,3.6,-1.4,98.2,48.0,3.6,0.43,86.2,15.1,1.03,41.9,8.9,1.47,311.0,4.4,7.8,71.4,48.5,83.5,1.18
 Canada,11.0,14.4,5.5,0.43,17.3,0.08,0.88,9.1,196.5,0.847,2.7,75.2,62.2,30382.0,49092.0,15.8,16.3,15.4,69.7,2.2,38.2,38.2,75.2,0.98,0.132,4.8,22.7,40471.0,1307.7,57.0,97.0,101.0,26.0,21.9,39657.0,0.4,5.5,2.1,0.8809999999999999,0.899,0.892,0.904,22.7,4.0,6.0,18771.0,71.7,60.9,72.6,66.7,80.2,82.5,77.8,0.927,0.899,9.0,12.2,12.2,12.2,38.6,52.7,57.0,5.2,94.0,6.1,6.5,6.5,6.5,6.5,6.5,2.3,19.0,72.6,22.7,6.5,6.5,6.5,6.5,6.5,6.5,99.9,98.5,6.5,100.0,99.8,99.8,22.3,4.2,32.3,1.7,80.1,2.1,3.0,98.8,22.0,2.1,0.08,22.2,100.0,1.05,47.1,24.7,0.93,5.5,6.8,12.4,10.3,28.8,25.5,0.88
 Central African Republic,8.3,126.0,687.0,0.07,0.1,1.6949999999999998,1.05,4.5,17.7,0.276,86.4,6.6,66.8,614.0,993.0,6.0,4.8,7.2,35.1,0.8,35.8,35.8,73.95,0.7390000000000001,0.6859999999999999,1.6,9.9,810.0,3.3,3.0,64.0,85.0,26.0,9.9,801.0,6.3,687.0,3.6,0.27,0.366,0.319,0.314,9.9,36.0,38.0,12.0,0.3,64.1,78.8,71.3,44.5,45.7,43.2,0.376,0.366,1060.0,3.3,2.0,4.7,18.6,2.4,517.0,108.1,531.0,163.5,-1.2,-1.2,-1.2,-1.2,-1.2,6.7,6.9,78.8,9.9,-1.2,-1.2,-1.2,-1.2,-1.2,-1.2,52.8,18.9,-1.2,16.4,8.8,24.8,2.2,0.2,4.1,0.7,38.1,3.6,-2.2,98.2,89.0,3.6,1.6949999999999998,85.7,0.3,1.03,28.6,10.5,1.19,687.0,6.2,11.4,74.0,81.8,78.0,1.05
 Chad,8.3,209.7,151.0,0.02,0.0,1.6949999999999998,1.1,4.9,6.4,0.20199999999999999,87.3,7.5,68.2,1161.0,1877.0,5.5,4.1,6.9,85.8,-1.5,4.9,4.9,73.95,0.723,0.428,1.7,20.7,1793.0,18.1,57.0,72.0,16.0,1.0,20.6,1519.0,1.9,151.0,10.7,0.27399999999999997,0.379,0.33,0.41100000000000003,20.7,54.0,73.0,1116.0,0.4,64.9,79.9,72.3,48.1,48.8,47.2,0.43200000000000005,0.379,1170.0,1.5,0.7,2.3,15.4,2.1,387.0,93.2,421.0,168.8,4.8,4.8,4.8,4.8,4.8,6.9,5.6,79.9,20.7,4.8,4.8,4.8,4.8,4.8,4.8,40.1,9.7,4.8,5.5,51.7,55.8,4.9,0.3,10.1,2.0,21.8,10.7,-2.2,98.2,63.0,10.7,1.6949999999999998,91.7,0.8,1.03,26.7,6.5,1.42,151.0,5.7,10.2,92.2,75.5,101.8,1.1
 Chile,6.2,57.7,18.0,0.23,3.8,0.01,1.14,6.6,80.4,0.722,13.2,63.9,50.9,9084.0,22332.0,14.5,14.7,15.1,71.6,6.1,21.6,21.6,74.2,0.938,0.389,3.3,21.8,17008.0,274.6,80.0,107.0,95.0,49.0,22.2,15637.0,0.3,18.0,3.6,0.7609999999999999,0.8109999999999999,0.7879999999999999,0.763,21.8,8.0,10.0,2027.0,31.2,38.3,73.0,55.3,77.8,80.6,74.8,0.889,0.8109999999999999,27.0,9.5,9.5,9.6,30.6,65.5,72.0,7.8,131.0,9.2,0.5,0.5,0.5,0.5,0.5,0.2,12.2,73.0,21.8,0.5,0.5,0.5,0.5,0.5,0.5,97.3,94.9,0.5,67.8,75.4,72.5,10.9,1.3,16.1,1.3,86.8,3.6,-2.0,99.8,26.0,3.6,0.01,32.3,87.9,1.04,37.6,11.9,1.4,18.0,8.0,19.9,27.0,3.7,36.6,1.14
 China,30.0,8.4,92.0,0.79,4.5,0.15,0.92,4.3,132.6,0.535,35.8,34.6,70.3,4402.0,6891.0,11.0,10.9,11.2,62.2,4.6,20.6,20.6,85.9,0.925,0.231,4.4,41.4,5719.0,7456.6,57.0,101.0,85.0,19.0,40.5,5682.0,0.4,92.0,1.6,0.622,0.672,0.647,0.61,41.4,5.0,14.0,46809.0,8.5,66.8,79.7,73.4,74.0,75.6,72.5,0.831,0.672,48.0,6.9,6.3,7.5,32.7,29.8,81.0,20.3,108.0,24.0,-0.3,-0.3,-0.3,-0.3,-0.3,0.1,10.6,79.7,41.4,-0.3,-0.3,-0.3,-0.3,-0.3,-0.3,84.3,65.1,-0.3,58.7,51.0,66.3,957.0,101.7,1321.6,79.3,42.5,1.6,-3.7,97.5,22.0,1.6,0.15,18.2,96.2,1.16,42.2,20.3,0.82,92.0,4.1,9.0,45.3,40.6,27.5,0.92
 Colombia,3.9,86.3,30.0,0.15,1.4,2.28,1.26,5.5,49.5,0.584,20.7,59.3,57.4,6021.0,11979.0,12.9,13.1,12.6,35.6,7.0,54.3,54.3,75.9,0.971,0.49,4.0,20.2,9264.0,401.0,46.0,128.0,83.0,29.0,19.7,8963.0,0.4,30.0,41.8,0.674,0.6940000000000001,0.6829999999999999,0.679,20.2,3.0,4.0,933.0,11.0,49.3,81.7,65.1,72.3,76.0,68.7,0.805,0.6940000000000001,80.0,6.8,7.1,7.1,26.1,50.5,102.0,18.4,214.0,21.6,-0.8,-0.8,-0.8,-0.8,-0.8,0.4,7.9,81.7,20.2,-0.8,-0.8,-0.8,-0.8,-0.8,-0.8,92.4,78.9,-0.8,40.8,40.9,40.5,28.5,2.2,43.3,4.1,76.0,41.8,-2.7,90.7,28.0,41.8,2.28,28.7,89.2,1.05,43.5,10.9,1.71,30.0,11.9,23.7,43.2,15.9,43.9,1.26
 Congo,-64.2,136.4,426.0,0.06,0.3,0.19,0.98,1.9,1.1,0.46,40.0,36.6,55.1,2417.0,3381.0,9.6,9.0,10.2,138.7,13.2,65.8,65.8,33.3,0.885,0.624,1.8,20.2,4743.0,17.6,7.0,107.0,85.0,26.0,19.7,2899.0,3.3,426.0,10.6,0.467,0.528,0.5,0.509,20.2,27.0,46.0,35.0,1.5,66.7,70.6,68.7,54.7,55.8,53.6,0.534,0.528,596.0,5.8,4.9,6.4,19.1,15.0,365.0,58.7,385.0,89.8,2.9,2.9,2.9,2.9,2.9,35.4,6.2,70.6,20.2,2.9,2.9,2.9,2.9,2.9,2.9,59.7,13.4,2.9,43.8,40.1,47.6,2.0,0.1,3.7,0.6,61.0,10.6,-8.4,83.4,22.0,10.6,0.19,63.5,14.8,1.03,46.8,10.1,1.15,426.0,19.8,40.4,76.1,70.2,75.6,0.98
 Congo (Democratic Republic of the),-8.6,126.3,327.0,0.05,0.0,0.07,1.11,3.0,1.7,0.35200000000000004,81.4,5.7,69.6,498.0,648.0,7.5,6.2,8.7,52.3,1.5,68.7,68.7,2.5,0.7859999999999999,0.665,4.4,11.8,594.0,32.5,57.0,101.0,85.0,26.0,11.7,572.0,1.7,327.0,14.7,0.317,0.40399999999999997,0.364,0.264,11.8,32.0,39.0,61.0,0.2,71.2,73.4,72.3,53.7,55.1,52.2,0.518,0.40399999999999997,787.0,4.3,2.7,5.8,17.0,5.0,286.0,95.8,337.0,137.4,-0.9,-0.9,-0.9,-0.9,-0.9,16.4,5.8,73.4,11.8,-0.9,-0.9,-0.9,-0.9,-0.9,-0.9,36.9,21.4,-0.9,21.5,11.9,31.6,28.1,1.6,54.8,10.2,37.5,14.7,-1.3,98.2,22.0,14.7,0.07,97.4,94.80000000000001,1.03,38.6,10.2,1.43,327.0,3.7,7.3,57.4,98.3,89.3,1.11
 Costa Rica,11.4,69.8,16.0,0.15,1.6,2.11,1.3,6.7,46.7,0.613,15.3,63.1,58.4,7647.0,13573.0,12.6,12.9,12.5,89.6,7.7,48.8,48.8,46.9,0.9640000000000001,0.345,4.4,19.1,11025.0,46.8,72.0,113.0,84.0,26.0,20.0,10618.0,0.3,16.0,7.9,0.7140000000000001,0.74,0.728,0.705,19.1,3.0,11.0,1679.0,22.1,44.7,80.5,62.5,78.1,80.5,75.8,0.894,0.74,31.0,7.9,7.9,7.8,27.4,25.9,68.0,9.1,124.0,10.5,2.0,2.0,2.0,2.0,2.0,0.1,9.8,80.5,19.1,2.0,2.0,2.0,2.0,2.0,2.0,96.4,95.3,2.0,47.7,47.9,45.9,2.8,0.3,4.2,0.4,65.7,7.9,-6.2,98.5,21.0,7.9,2.11,42.1,97.8,1.05,39.1,35.1,1.88,16.0,6.6,15.4,21.2,3.9,41.4,1.3
 Croatia,10.5,15.2,28.0,0.26,5.1,3.44,1.07,6.9,62.8,0.71,17.3,54.1,46.6,15771.0,22772.0,14.0,14.3,13.6,84.7,4.0,34.0,34.0,77.0,0.976,0.16399999999999998,4.4,27.9,19542.0,86.8,46.0,103.0,93.0,45.0,25.4,19143.0,0.1,28.0,1.6,0.7809999999999999,0.8009999999999999,0.7829999999999999,0.794,27.9,4.0,4.0,7743.0,33.1,46.2,61.1,53.3,75.5,78.9,71.9,0.853,0.8009999999999999,11.0,9.7,9.6,11.1,40.5,83.4,66.0,5.8,159.0,6.7,-0.1,-0.1,-0.1,-0.1,-0.1,0.3,25.7,61.1,27.9,-0.1,-0.1,-0.1,-0.1,-0.1,-0.1,98.9,97.2,-0.1,77.6,76.9,88.6,2.9,0.8,4.4,0.2,54.3,1.6,-0.1,99.9,18.0,1.6,3.44,26.8,100.0,1.06,43.9,21.7,1.21,28.0,12.6,32.4,19.9,28.8,23.5,1.07
 Cuba,8.3,49.1,7.9,0.23,2.3,1.6949999999999998,1.0,5.5,42.7,0.736,20.3,60.6,51.8,3091.0,7165.0,14.6,15.6,13.9,39.4,3.4,25.3,25.3,81.0,0.94,0.341,10.6,10.8,9138.0,64.6,107.0,98.0,92.0,62.0,9.0,5135.0,0.1,7.9,6.1,0.7040000000000001,0.7490000000000001,0.731,0.595,10.8,1.0,2.0,2261.0,9.7,38.3,67.4,52.8,78.0,79.9,76.0,0.892,0.7490000000000001,41.0,9.9,9.8,10.1,35.6,1.2,81.0,5.3,123.0,6.8,-2.6,-2.6,-2.6,-2.6,-2.6,0.2,15.7,67.4,10.8,-2.6,-2.6,-2.6,-2.6,-2.6,-2.6,93.8,89.8,-2.6,73.2,69.8,75.2,7.9,1.2,11.3,0.7,76.1,6.1,-2.2,99.9,10.0,6.1,1.6949999999999998,26.3,94.3,1.06,41.2,36.0,1.29,7.9,1.9,4.1,12.6,5.4,27.9,1.0
 Cyprus,13.1,7.2,3.8,0.3,7.3,0.56,1.05,5.3,195.8,0.7290000000000001,4.7,71.2,59.7,23153.0,41731.0,13.4,13.6,13.3,111.9,6.2,18.7,18.7,97.4,0.955,0.14,6.2,22.5,33663.0,24.9,65.0,101.0,97.0,33.0,21.5,32562.0,0.4,3.8,1.9,0.81,0.848,0.831,0.8740000000000001,22.5,2.0,14.0,2470.0,32.8,53.2,72.7,63.0,78.6,80.7,76.5,0.902,0.848,12.0,10.7,10.3,11.1,32.9,75.8,43.0,4.1,84.0,4.9,11.7,11.7,11.7,11.7,11.7,2.3,15.5,72.7,22.5,11.7,11.7,11.7,11.7,11.7,11.7,100.0,99.9,11.7,69.2,65.8,72.8,0.7,0.1,1.0,0.1,68.3,1.9,-3.0,99.3,18.0,1.9,0.56,3.4,100.0,1.07,41.9,16.1,1.39,3.8,5.3,13.0,15.9,28.8,28.9,1.05
 Czechia,7.7,11.4,11.0,0.46,11.8,0.98,0.99,6.4,41.6,0.809,4.0,56.5,54.8,17836.0,31666.0,14.8,15.1,14.7,122.0,10.1,34.3,34.3,83.7,0.973,0.153,3.9,29.1,25781.0,263.3,116.0,99.0,96.0,48.0,28.2,24572.0,0.1,11.0,1.1,0.835,0.858,0.835,0.831,29.1,1.0,3.0,6336.0,35.3,50.8,68.9,59.5,76.3,79.4,73.0,0.866,0.858,6.0,11.9,12.8,13.3,38.7,114.8,70.0,3.6,155.0,4.4,0.9,0.9,0.9,0.9,0.9,2.3,19.7,68.9,29.1,0.9,0.9,0.9,0.9,0.9,0.9,99.8,99.1,0.9,99.8,99.8,99.7,7.3,1.4,10.3,0.5,73.6,1.1,-6.0,99.8,16.0,1.1,0.98,7.5,100.0,1.06,43.8,15.7,1.51,11.0,7.9,19.3,12.3,28.8,20.7,0.99
 Côte d'Ivoire,7.7,137.4,267.0,0.16,0.4,0.95,1.32,5.4,14.4,0.336,50.6,43.3,61.0,1601.0,3511.0,7.6,6.3,9.0,93.9,2.0,32.7,32.7,25.4,0.76,0.69,4.1,13.9,2682.0,49.2,57.0,101.0,85.0,26.0,9.2,2580.0,5.0,267.0,14.7,0.353,0.46399999999999997,0.413,0.491,13.9,17.0,16.0,1116.0,1.0,48.3,76.9,63.2,47.7,48.5,46.9,0.426,0.46399999999999997,742.0,3.7,2.6,4.8,17.8,12.8,429.0,89.0,462.0,127.7,-4.2,-4.2,-4.2,-4.2,-4.2,0.6,5.2,76.9,13.9,-4.2,-4.2,-4.2,-4.2,-4.2,-4.2,72.1,24.8,-4.2,20.0,11.8,27.4,5.6,0.5,18.3,3.1,45.2,14.7,-1.8,55.1,22.0,14.7,0.95,78.1,37.0,1.03,39.4,8.5,1.59,267.0,3.5,4.9,79.7,54.2,83.1,1.32
 Denmark,15.1,6.6,8.4,0.2,8.7,0.25,1.0,9.1,184.9,0.895,3.2,72.9,62.7,35326.0,54714.0,16.9,17.5,16.3,89.4,4.9,13.1,13.1,82.2,0.988,0.064,8.1,22.2,44568.0,241.5,95.0,99.0,124.0,80.0,21.2,44929.0,0.4,8.4,1.0,0.8959999999999999,0.907,0.903,0.9229999999999999,22.2,7.0,5.0,9587.0,82.7,60.5,71.4,65.9,77.9,80.2,75.7,0.8909999999999999,0.907,8.0,12.8,12.9,12.7,39.6,100.5,69.0,4.0,111.0,4.8,1.7,1.7,1.7,1.7,1.7,2.3,22.9,71.4,22.2,1.7,1.7,1.7,1.7,1.7,1.7,100.0,99.6,1.7,98.6,100.0,100.0,3.6,0.8,5.4,0.3,85.9,1.0,6.1,98.8,22.0,1.0,0.25,16.1,100.0,1.05,47.2,36.9,1.21,8.4,4.8,8.6,5.2,28.8,28.3,1.0
 Dominican Republic,8.5,109.6,82.0,0.22,2.0,7.53,1.3,4.6,30.0,0.585,15.3,61.3,60.7,5345.0,10647.0,12.6,12.75,12.2,61.7,3.1,34.2,34.2,85.3,0.94,0.47,4.4,24.8,9012.0,83.2,32.0,106.0,70.0,26.0,22.6,7996.0,1.8,82.0,25.9,0.672,0.715,0.675,0.662,24.8,8.0,21.0,3691.0,11.5,48.8,81.3,64.9,71.6,74.9,68.6,0.795,0.715,64.0,7.0,7.3,6.7,23.6,39.2,134.0,30.1,223.0,36.8,-3.4,-3.4,-3.4,-3.4,-3.4,0.2,9.3,81.3,24.8,-3.4,-3.4,-3.4,-3.4,-3.4,-3.4,92.3,80.6,-3.4,42.9,39.8,36.9,5.6,0.5,9.2,1.1,67.4,25.9,-3.8,98.2,24.0,25.9,7.53,19.3,80.8,1.05,42.0,15.4,2.02,82.0,6.5,12.9,41.6,11.3,54.4,1.3
 Ecuador,3.1,82.5,70.0,0.26,2.2,5.93,1.28,5.6,19.1,0.598,29.1,52.4,63.8,5548.0,10946.0,12.8,12.75,12.2,56.1,1.2,53.7,53.7,84.9,0.94,0.452,4.4,21.6,8608.0,118.2,76.0,112.0,62.0,26.0,20.4,8251.0,0.3,70.0,15.4,0.672,0.715,0.693,0.667,21.6,4.0,7.0,860.0,6.0,55.3,83.2,69.2,74.1,77.2,71.2,0.833,0.715,74.0,7.3,6.9,7.2,23.9,45.5,104.0,24.4,189.0,29.2,-1.8,-1.8,-1.8,-1.8,-1.8,0.6,9.0,83.2,21.6,-1.8,-1.8,-1.8,-1.8,-1.8,-1.8,86.3,76.1,-1.8,38.8,38.6,37.6,8.5,0.8,13.7,1.5,61.7,15.4,-2.1,80.0,23.0,15.4,5.93,12.2,87.7,1.05,43.0,16.0,1.95,70.0,7.7,15.7,33.4,23.9,52.9,1.28
 Egypt,6.2,52.5,21.0,0.27,2.2,5.59,1.41,5.2,98.0,0.507,30.9,47.6,41.3,2859.0,13015.0,11.5,11.2,11.8,63.0,6.0,0.1,0.1,95.9,0.825,0.58,4.8,18.0,8002.0,614.3,16.0,97.0,85.0,29.0,17.9,7979.0,0.1,21.0,0.7,0.56,0.679,0.634,0.662,18.0,2.0,2.0,8244.0,12.8,20.2,73.0,46.6,69.4,71.8,67.1,0.7609999999999999,0.679,52.0,5.6,4.4,6.9,22.6,17.8,131.0,29.6,209.0,36.1,-0.2,-0.2,-0.2,-0.2,-0.2,1.2,7.9,73.0,18.0,-0.2,-0.2,-0.2,-0.2,-0.2,-0.2,98.3,92.7,-0.2,44.0,35.2,53.0,47.4,3.7,76.8,9.0,43.0,0.7,-9.8,74.2,26.0,0.7,5.59,6.5,99.1,1.07,14.0,3.8,3.68,21.0,11.2,30.1,25.0,52.4,54.0,1.41
 El Salvador,8.8,88.7,37.0,0.18,1.1,20.61,1.03,7.2,68.1,0.5579999999999999,20.0,57.8,56.5,4555.0,9189.0,12.9,12.5,12.8,69.7,3.5,14.9,14.9,44.1,0.951,0.489,2.7,18.6,5937.0,35.8,57.0,119.0,68.0,23.0,16.3,6767.0,0.7,37.0,64.4,0.63,0.662,0.6509999999999999,0.637,18.6,4.0,1.0,1127.0,4.2,45.5,79.0,60.9,70.4,74.9,65.7,0.775,0.662,68.0,6.0,5.8,6.6,23.0,40.0,124.0,20.9,293.0,24.7,-10.5,-10.5,-10.5,-10.5,-10.5,1.2,10.8,79.0,18.6,-10.5,-10.5,-10.5,-10.5,-10.5,-10.5,84.5,84.4,-10.5,36.9,34.2,36.2,3.6,0.4,6.0,0.7,61.6,64.4,-3.6,87.2,43.0,64.4,20.61,47.2,72.2,1.05,48.7,10.7,0.73,37.0,7.2,15.2,41.0,16.3,59.0,1.03
 Eritrea,8.3,82.4,149.0,0.12,0.2,1.6949999999999998,1.05,5.3,125.7,0.272,83.7,8.7,73.8,1288.0,1939.0,5.3,4.8,6.7,61.1,0.1,15.4,15.4,34.4,0.94,0.428,4.4,20.3,1629.0,6.5,15.0,76.0,31.0,26.0,20.3,1613.0,1.3,149.0,9.6,0.672,0.715,0.408,0.42,20.3,1.0,5.0,83.0,10.1,73.8,84.9,79.3,58.7,60.8,56.7,0.595,0.715,619.0,3.7,7.5,7.9,18.5,1.0,300.0,47.0,372.0,69.2,6.0,6.0,6.0,6.0,6.0,32.1,6.2,84.9,20.3,6.0,6.0,6.0,6.0,6.0,6.0,17.4,9.0,6.0,55.2,51.7,55.8,2.2,0.1,4.0,0.6,31.1,9.6,-2.2,98.2,48.0,9.6,1.6949999999999998,74.9,24.3,1.05,29.8,22.0,1.15,149.0,7.0,11.4,51.3,71.2,73.7,1.05
 Estonia,14.3,23.5,42.0,0.54,12.4,1.89,0.94,5.0,68.0,0.85,5.2,60.7,53.9,17471.0,27157.0,16.1,17.2,15.1,136.9,22.3,53.1,53.1,30.3,1.0390000000000001,0.213,4.8,33.2,22807.0,30.9,119.0,99.0,103.0,68.0,32.9,21972.0,0.4,42.0,8.3,0.84,0.809,0.825,0.815,33.2,1.0,4.0,1917.0,61.5,53.5,64.7,58.6,72.6,78.0,67.1,0.81,0.809,15.0,12.1,12.4,12.0,39.4,106.6,99.0,5.7,274.0,7.1,-2.7,-2.7,-2.7,-2.7,-2.7,2.3,24.6,64.7,33.2,-2.7,-2.7,-2.7,-2.7,-2.7,-2.7,99.3,99.3,-2.7,93.6,96.0,96.9,0.9,0.2,1.4,0.1,68.7,8.3,0.0,99.6,22.0,8.3,1.89,18.9,100.0,1.06,51.4,18.8,0.75,42.0,8.0,15.1,5.3,28.8,22.3,0.94
 Eswatini (Kingdom of),5.3,102.2,1180.0,0.14,0.9,3.0,0.99,5.9,14.0,0.426,69.1,16.4,40.9,4521.0,9934.0,9.9,9.6,10.2,132.7,-1.4,31.5,31.5,0.0,0.8690000000000001,0.616,6.5,17.4,6746.0,7.5,57.0,103.0,47.0,5.0,17.4,7140.0,28.3,1180.0,13.7,0.46,0.529,0.48,0.645,17.4,5.0,7.0,837.0,3.7,38.8,68.0,52.6,46.2,47.7,44.5,0.40299999999999997,0.529,595.0,4.5,5.0,6.9,18.0,18.1,549.0,78.5,646.0,124.7,-8.5,-8.5,-8.5,-8.5,-8.5,1.4,5.5,68.0,17.4,-8.5,-8.5,-8.5,-8.5,-8.5,-8.5,57.2,52.1,-8.5,18.5,16.4,20.3,0.6,0.0,1.1,0.2,22.0,13.7,0.6,98.2,33.0,13.7,3.0,49.7,28.4,1.03,25.9,16.8,1.07,1180.0,22.1,41.2,19.8,42.6,76.9,0.99
 Ethiopia,8.3,105.2,341.0,0.09,0.1,1.4,1.85,4.1,49.5,0.247,80.2,13.1,80.0,512.0,956.0,6.6,5.6,7.5,76.6,2.1,13.0,13.0,4.1,0.765,0.611,4.4,0.0,732.0,56.2,2.0,79.0,25.0,3.0,21.7,733.0,2.2,341.0,9.4,0.297,0.38799999999999996,0.34600000000000003,0.301,0.0,39.0,60.0,227.0,0.2,78.4,90.8,84.5,56.2,57.6,54.8,0.557,0.38799999999999996,743.0,1.9,1.2,2.7,16.8,0.5,318.0,70.2,358.0,110.2,-0.2,-0.2,-0.2,-0.2,-0.2,15.6,6.1,90.8,0.0,-0.2,-0.2,-0.2,-0.2,-0.2,-0.2,24.0,4.4,-0.2,55.2,3.3,6.3,38.9,2.4,76.7,13.5,15.7,9.4,-2.1,5.7,22.0,9.4,1.4,95.1,1.9,1.04,56.7,21.0,2.96,341.0,5.4,7.6,91.5,79.6,91.0,1.85
 Fiji,12.5,41.2,20.0,0.18,1.3,6.76,1.25,3.5,111.6,0.6970000000000001,44.2,42.4,53.6,4924.0,9543.0,14.1,14.3,13.8,118.3,6.2,54.6,54.6,0.0,0.955,0.409,5.1,23.0,7427.0,6.1,57.0,101.0,85.0,16.0,21.0,7279.0,0.1,20.0,2.8,0.6759999999999999,0.708,0.695,0.648,23.0,1.0,10.0,545.0,8.5,38.1,73.8,56.2,68.4,71.3,65.8,0.745,0.708,39.0,9.2,9.1,9.3,25.3,24.9,162.0,19.6,258.0,23.1,-15.1,-15.1,-15.1,-15.1,-15.1,2.2,6.3,73.8,23.0,-15.1,-15.1,-15.1,-15.1,-15.1,-15.1,94.4,84.3,-15.1,57.8,55.0,56.1,0.5,0.0,0.8,0.1,49.9,2.8,-5.4,97.2,22.0,2.8,6.76,43.6,71.1,1.06,32.8,9.7,1.76,20.0,4.6,11.7,39.6,16.5,46.7,1.25
 Finland,15.6,10.6,7.4,0.27,10.4,0.34,0.98,8.0,91.3,0.8759999999999999,4.8,69.4,55.5,31553.0,47350.0,17.2,17.7,16.6,76.6,5.3,72.7,72.7,49.3,1.001,0.08800000000000001,6.0,24.6,39116.0,205.2,60.0,98.0,112.0,92.0,23.0,39285.0,0.4,7.4,2.3,0.895,0.894,0.895,0.902,24.6,1.0,3.0,2080.0,74.5,56.6,64.8,60.6,79.0,82.3,75.5,0.907,0.894,4.0,12.0,12.1,12.0,40.9,100.2,63.0,3.1,138.0,3.8,1.2,1.2,1.2,1.2,1.2,2.3,24.1,64.8,24.6,1.2,1.2,1.2,1.2,1.2,1.2,100.0,99.4,1.2,100.0,100.0,100.0,3.5,0.8,5.3,0.3,82.9,2.3,3.5,99.8,16.0,2.3,0.34,31.5,100.0,1.05,49.0,37.5,1.05,7.4,8.4,20.0,8.8,28.8,26.0,0.98
 France,10.2,10.8,9.5,0.17,6.1,0.65,1.04,10.2,106.1,0.794,3.6,72.6,51.4,28386.0,46286.0,16.1,16.5,15.8,54.0,3.9,29.0,29.0,52.3,0.985,0.157,5.5,22.5,36506.0,2306.4,116.0,109.0,114.0,55.0,21.8,37168.0,0.3,9.5,1.6,0.862,0.875,0.8690000000000001,0.894,22.5,1.0,13.0,74988.0,42.9,50.1,62.6,56.2,80.1,83.7,76.6,0.925,0.875,10.0,10.4,10.1,10.7,38.9,78.5,57.0,3.8,127.0,4.6,1.6,1.6,1.6,1.6,1.6,2.3,25.3,62.6,22.5,1.6,1.6,1.6,1.6,1.6,1.6,99.9,98.7,1.6,74.1,71.3,78.4,39.9,10.1,61.2,3.8,77.1,1.6,2.4,97.9,19.0,1.6,0.65,8.6,100.0,1.05,46.2,13.9,1.19,9.5,8.5,20.2,6.6,28.8,28.3,1.04
 Gabon,9.3,138.5,592.0,0.21,3.5,0.12,1.05,2.8,9.7,0.575,43.3,44.5,39.5,10750.0,21609.0,12.4,12.2,12.6,84.0,3.4,85.4,85.4,20.4,0.917,0.589,4.4,21.4,16804.0,23.6,57.0,101.0,85.0,26.0,21.0,16189.0,5.7,592.0,11.0,0.605,0.659,0.647,0.768,21.4,31.0,45.0,269.0,4.9,37.9,57.3,47.5,59.9,60.4,59.3,0.614,0.659,370.0,6.9,6.0,6.0,20.2,52.5,316.0,48.5,313.0,76.1,4.7,4.7,4.7,4.7,4.7,0.6,9.9,57.3,21.4,4.7,4.7,4.7,4.7,4.7,4.7,82.5,39.7,4.7,40.8,48.8,32.5,0.8,0.1,1.4,0.2,82.5,11.0,-1.8,98.2,22.0,11.0,0.12,85.2,34.6,1.03,25.5,11.9,1.23,592.0,16.9,35.2,31.9,17.7,70.3,1.05
 Gambia,-9.4,119.6,191.0,0.13,0.2,9.5,1.39,4.9,19.6,0.303,34.2,49.6,53.0,1046.0,1918.0,8.1,7.9,8.3,82.4,8.6,46.5,46.5,0.0,0.841,0.6579999999999999,1.1,22.0,1533.0,2.2,57.0,90.0,85.0,26.0,22.0,1478.0,2.1,191.0,9.8,0.379,0.45,0.41600000000000004,0.40700000000000003,22.0,5.0,9.0,108.0,3.8,48.5,68.8,58.5,57.9,59.1,56.8,0.583,0.45,807.0,2.4,1.6,3.2,16.8,17.1,262.0,55.2,314.0,96.6,-2.1,-2.1,-2.1,-2.1,-2.1,10.1,4.9,68.8,22.0,-2.1,-2.1,-2.1,-2.1,-2.1,-2.1,76.0,50.2,-2.1,20.0,13.2,27.2,0.7,0.0,1.4,0.3,52.0,9.8,-2.2,98.2,37.0,9.8,9.5,60.0,8.1,1.03,35.6,13.2,1.85,191.0,9.4,12.8,75.8,62.3,90.3,1.39
 Georgia,12.7,48.4,175.0,0.25,1.2,6.96,1.06,8.3,21.6,0.753,54.3,36.4,54.6,2842.0,7374.0,12.6,12.2,12.1,85.3,7.1,39.9,39.9,64.4,0.9329999999999999,0.38799999999999996,2.5,33.5,4902.0,20.5,51.0,90.0,80.0,46.0,28.1,4983.0,0.1,175.0,9.0,0.675,0.7240000000000001,0.7120000000000001,0.59,33.5,9.0,10.0,560.0,6.1,55.2,73.0,63.4,72.7,76.4,68.9,0.8109999999999999,0.7240000000000001,37.0,12.1,11.9,12.1,35.0,26.2,76.0,21.8,203.0,24.6,-12.1,-12.1,-12.1,-12.1,-12.1,4.5,21.7,73.0,33.5,-12.1,-12.1,-12.1,-12.1,-12.1,-12.1,90.1,92.9,-12.1,92.4,91.2,93.9,3.0,0.6,4.5,0.3,53.6,9.0,-8.7,98.3,22.0,9.0,6.96,41.5,97.5,1.11,44.5,9.4,0.86,175.0,13.8,28.0,64.5,26.7,29.4,1.06
 Germany,9.7,12.4,8.0,0.26,9.7,0.24,0.92,10.3,132.6,0.902,2.4,67.8,51.9,28085.0,48480.0,16.5,16.3,16.7,70.4,2.1,32.6,32.6,81.9,0.9590000000000001,0.11699999999999999,4.4,18.8,37704.0,3109.4,96.0,103.0,102.0,26.0,19.1,38051.0,0.4,8.0,1.1,0.875,0.9129999999999999,0.903,0.898,18.8,2.0,4.0,21500.0,68.7,50.7,66.7,58.5,79.2,82.0,76.3,0.9109999999999999,0.9129999999999999,7.0,13.3,12.3,13.0,42.1,97.1,58.0,3.9,112.0,4.7,2.0,2.0,2.0,2.0,2.0,2.3,28.3,66.7,18.8,2.0,2.0,2.0,2.0,2.0,2.0,100.0,99.2,2.0,96.9,96.5,97.3,54.5,15.4,81.7,3.6,76.0,1.1,2.3,98.2,14.0,1.1,0.24,6.8,100.0,1.06,45.1,30.5,0.96,8.0,11.2,15.5,7.5,28.8,21.6,0.92
 Ghana,5.2,79.5,203.0,0.13,0.3,0.92,1.06,6.3,30.8,0.45399999999999996,49.0,35.2,71.8,2095.0,3017.0,8.7,8.2,9.1,98.2,1.4,39.8,39.8,37.6,0.8640000000000001,0.574,7.4,29.0,2539.0,54.7,60.0,89.0,41.0,6.0,29.0,2556.0,2.9,203.0,1.8,0.47100000000000003,0.545,0.509,0.49,29.0,12.0,17.0,429.0,1.8,73.1,77.7,75.4,58.7,59.5,57.9,0.595,0.545,376.0,6.4,5.2,7.6,19.3,13.3,261.0,57.1,298.0,86.9,1.6,1.6,1.6,1.6,1.6,10.9,6.0,77.7,29.0,1.6,1.6,1.6,1.6,1.6,1.6,69.0,12.2,1.6,50.6,40.3,60.9,12.1,0.7,21.5,3.2,47.3,1.8,-1.4,98.2,33.0,1.8,0.92,61.4,30.0,1.05,52.2,10.9,1.14,203.0,4.7,8.7,79.4,44.2,72.5,1.06
 Greece,3.3,10.9,7.1,0.3,9.0,0.49,1.35,9.0,106.7,0.768,12.2,65.5,48.3,21215.0,37348.0,15.9,16.0,15.8,50.9,0.3,29.1,29.1,93.4,0.961,0.18100000000000002,4.0,22.1,29559.0,324.8,63.0,95.0,98.0,85.0,20.8,29203.0,0.4,7.1,1.2,0.8270000000000001,0.861,0.845,0.858,22.1,4.0,4.0,14765.0,24.0,42.7,64.9,53.6,79.6,82.4,76.9,0.917,0.861,3.0,9.8,9.4,10.2,39.3,90.8,47.0,3.9,111.0,4.6,2.0,2.0,2.0,2.0,2.0,2.3,26.6,64.9,22.1,2.0,2.0,2.0,2.0,2.0,2.0,99.7,97.4,2.0,58.3,53.9,63.0,7.6,2.0,11.3,0.6,74.5,1.2,-3.3,98.2,11.0,1.2,0.49,7.7,100.0,1.07,37.4,13.0,2.46,7.1,10.0,25.6,28.2,28.8,22.5,1.35
 Guatemala,5.2,106.6,36.0,0.15,1.0,11.27,1.39,6.6,34.4,0.39,36.0,43.1,63.3,3976.0,8429.0,9.8,9.5,10.2,66.0,2.0,36.7,36.7,44.2,0.907,0.5720000000000001,4.4,19.7,6269.0,82.1,57.0,110.0,49.0,26.0,18.3,6159.0,0.4,36.0,40.8,0.542,0.598,0.5710000000000001,0.622,19.7,3.0,7.0,1316.0,5.7,44.4,87.3,64.9,69.8,72.9,66.5,0.7659999999999999,0.598,120.0,3.5,3.2,4.2,18.5,34.4,138.0,34.4,249.0,42.7,-4.5,-4.5,-4.5,-4.5,-4.5,1.0,7.8,87.3,19.7,-4.5,-4.5,-4.5,-4.5,-4.5,-4.5,88.3,62.0,-4.5,14.8,13.3,17.8,7.0,0.5,13.1,2.0,46.9,40.8,-1.4,98.2,31.0,40.8,11.27,57.3,64.2,1.05,46.9,8.2,1.79,36.0,2.5,4.6,44.4,15.4,78.9,1.39
 Guinea,-9.7,165.3,210.0,0.13,0.2,1.42,0.84,4.5,17.7,0.251,70.1,24.0,62.1,1168.0,1651.0,7.1,5.7,8.5,69.9,3.6,27.4,27.4,73.95,0.774,0.428,1.8,19.5,1504.0,14.6,9.0,79.0,29.0,3.0,18.6,1409.0,1.7,210.0,10.1,0.32299999999999995,0.41700000000000004,0.371,0.4,19.5,25.0,49.0,45.0,0.5,62.8,67.4,65.1,53.2,53.6,52.7,0.51,0.41700000000000004,831.0,1.6,0.9,2.4,17.8,2.0,303.0,82.5,334.0,132.2,-8.0,-8.0,-8.0,-8.0,-8.0,7.3,6.1,67.4,19.5,-8.0,-8.0,-8.0,-8.0,-8.0,-8.0,58.7,13.3,-8.0,55.2,51.7,55.8,5.1,0.3,9.7,1.7,32.3,10.1,-3.6,38.0,45.0,10.1,1.42,81.6,2.8,1.02,42.7,19.3,0.63,210.0,4.6,5.6,91.0,83.8,83.4,0.84
 Guyana,4.7,100.2,106.0,0.41,1.9,24.4,1.19,5.4,98.9,0.57,23.5,52.6,49.2,2325.0,7002.0,11.0,11.4,10.7,203.8,9.3,84.3,84.3,0.0,0.934,0.534,8.1,24.8,4699.0,3.5,91.0,100.0,85.0,12.0,24.8,4669.0,1.2,106.0,18.9,0.586,0.627,0.614,0.581,24.8,7.0,8.0,117.0,10.1,34.1,78.0,55.8,65.5,68.2,63.0,0.701,0.627,232.0,7.9,8.5,7.6,22.9,37.5,178.0,33.5,269.0,41.5,-17.1,-17.1,-17.1,-17.1,-17.1,19.3,7.0,78.0,24.8,-17.1,-17.1,-17.1,-17.1,-17.1,-17.1,90.4,80.9,-17.1,49.7,55.9,42.6,0.4,0.0,0.8,0.1,27.8,18.9,-7.3,96.7,28.0,18.9,24.4,43.4,75.5,1.05,35.4,30.8,1.64,106.0,11.8,26.4,29.1,18.4,60.7,1.19
 Honduras,21.1,108.0,57.0,0.28,1.0,18.66,1.33,7.2,38.8,0.457,39.3,39.8,57.1,2303.0,4749.0,10.8,11.3,10.3,136.5,6.2,51.8,51.8,54.9,0.95,0.519,4.4,27.6,3697.0,27.3,31.0,105.0,85.0,26.0,24.9,3520.0,0.7,57.0,43.6,0.564,0.594,0.58,0.5379999999999999,27.6,1.0,5.0,673.0,6.5,36.5,83.4,59.5,71.5,74.0,69.1,0.7929999999999999,0.594,150.0,4.7,4.9,5.0,19.5,17.4,135.0,24.6,189.0,29.4,-1.2,-1.2,-1.2,-1.2,-1.2,7.5,6.9,83.4,27.6,-1.2,-1.2,-1.2,-1.2,-1.2,-1.2,85.7,68.2,-1.2,26.8,26.3,18.2,4.1,0.3,7.4,1.0,48.6,43.6,-6.0,66.9,29.0,43.6,18.66,49.8,42.4,1.05,44.1,23.4,1.59,57.0,4.0,7.2,47.8,35.0,71.0,1.33
 Hungary,4.5,21.0,21.0,0.26,5.8,1.69,0.99,8.0,61.4,0.787,4.9,62.7,46.5,17118.0,25542.0,15.2,15.7,14.7,127.4,7.5,22.1,22.1,80.4,0.996,0.26,5.3,25.4,22453.0,226.5,87.0,98.0,96.0,65.0,23.8,21115.0,0.4,21.0,1.6,0.799,0.802,0.804,0.809,25.4,1.0,1.0,3446.0,39.0,42.9,58.4,50.2,73.1,77.3,68.9,0.818,0.802,14.0,10.9,10.3,11.2,39.1,92.4,107.0,6.5,256.0,7.6,1.2,1.2,1.2,1.2,1.2,2.3,22.7,58.4,25.4,1.2,1.2,1.2,1.2,1.2,1.2,100.0,98.0,1.2,93.4,88.0,94.1,6.9,1.6,10.1,0.5,66.4,1.6,-8.8,99.6,10.0,1.6,1.69,4.7,100.0,1.06,46.5,9.1,1.06,21.0,7.2,19.4,7.9,28.8,22.5,0.99
 Iceland,8.3,17.3,3.9,0.19,7.5,0.39,0.85,9.2,236.5,0.835,6.5,71.8,73.8,30342.0,45127.0,18.2,19.3,17.1,73.1,18.5,0.4,0.4,23.7,0.9840000000000001,0.125,7.4,29.3,39679.0,11.8,99.0,97.0,111.0,70.0,29.5,37756.0,0.4,3.9,1.0,0.8759999999999999,0.89,0.889,0.8959999999999999,29.3,5.0,10.0,374.0,87.0,70.9,80.7,75.8,81.1,82.9,79.2,0.94,0.89,4.0,10.0,10.2,9.9,34.3,96.0,49.0,2.4,69.0,3.1,2.0,2.0,2.0,2.0,2.0,2.3,17.9,80.7,29.3,2.0,2.0,2.0,2.0,2.0,2.0,100.0,98.8,2.0,91.3,91.0,91.6,0.2,0.0,0.3,0.0,93.0,1.0,-49.1,99.0,22.0,1.0,0.39,62.5,100.0,1.04,49.4,33.3,0.96,3.9,2.6,7.1,8.9,28.8,33.6,0.85
 India,25.3,60.2,279.0,0.34,1.1,2.73,1.02,3.8,60.2,0.429,56.0,25.2,58.0,1563.0,4638.0,9.7,9.1,10.2,42.5,0.9,22.8,22.8,66.0,0.774,0.619,3.2,38.6,3179.0,3637.0,6.0,101.0,54.0,11.0,32.8,3157.0,0.4,279.0,3.9,0.45799999999999996,0.5920000000000001,0.535,0.521,38.6,18.0,32.0,3919.0,2.4,36.8,83.1,60.6,64.6,65.4,63.7,0.685,0.5920000000000001,280.0,4.8,2.9,6.6,23.8,7.9,178.0,55.7,236.0,74.4,-0.4,-0.4,-0.4,-0.4,-0.4,0.2,7.6,83.1,38.6,-0.4,-0.4,-0.4,-0.4,-0.4,-0.4,82.9,29.2,-0.4,37.4,21.8,52.4,714.5,54.6,1144.1,129.6,29.2,3.9,-2.1,34.5,22.0,3.9,2.73,48.6,56.8,1.11,19.5,9.3,1.22,279.0,4.4,9.9,85.6,71.8,52.5,1.02
 Indonesia,-7.3,52.0,437.0,0.22,1.5,1.9,1.1,2.8,46.2,0.552,44.0,37.2,62.3,3968.0,9018.0,10.9,10.9,11.2,64.0,2.9,54.0,54.0,65.0,0.907,0.534,2.7,25.1,6825.0,1547.2,31.0,108.0,60.0,17.0,23.6,6503.0,0.2,437.0,3.6,0.595,0.6559999999999999,0.632,0.631,25.1,15.0,23.0,5002.0,3.6,49.9,85.2,67.5,67.2,69.2,65.2,0.726,0.6559999999999999,212.0,7.4,6.7,7.6,25.5,20.7,162.0,33.5,218.0,41.5,-0.8,-0.8,-0.8,-0.8,-0.8,0.9,7.3,85.2,25.1,-0.8,-0.8,-0.8,-0.8,-0.8,-0.8,79.8,52.6,-0.8,43.3,34.8,45.2,147.7,10.9,226.7,22.7,45.9,3.6,-3.3,70.5,20.0,3.6,1.9,41.4,77.0,1.05,36.1,11.3,1.42,437.0,7.7,24.3,59.0,59.2,46.1,1.1
 Iran (Islamic Republic of),8.3,33.5,16.0,0.43,6.7,0.46,1.14,6.0,42.4,0.552,24.8,44.9,41.7,5041.0,25696.0,11.4,11.3,11.5,54.4,1.3,6.6,6.6,98.9,0.846,0.512,4.1,38.7,15616.0,1099.7,45.0,100.0,76.0,23.0,28.6,15589.0,0.1,16.0,3.6,0.622,0.735,0.695,0.763,38.7,3.0,6.0,1889.0,8.1,19.4,74.3,47.4,71.9,73.5,70.4,0.799,0.735,34.0,7.0,6.2,7.9,24.1,12.1,102.0,21.6,169.0,25.6,-0.2,-0.2,-0.2,-0.2,-0.2,0.0,7.1,74.3,38.7,-0.2,-0.2,-0.2,-0.2,-0.2,-0.2,95.2,87.7,-0.2,66.0,58.5,66.7,48.6,3.5,70.4,5.5,67.6,3.6,-2.2,97.3,22.0,3.6,0.46,1.4,95.1,1.04,16.4,4.1,1.75,16.0,12.1,23.8,43.8,7.5,37.7,1.14
 Iraq,-3.7,66.0,48.0,0.39,4.2,1.42,1.15,2.9,-1.0,0.478,23.0,58.7,35.0,2930.0,18601.0,10.2,8.9,11.5,115.7,1.0,1.9,1.9,97.5,0.77,0.428,4.4,22.2,10895.0,294.3,57.0,101.0,85.0,16.0,13.8,10851.0,0.4,48.0,3.6,0.5329999999999999,0.691,0.631,0.708,22.2,16.0,31.0,1116.0,0.9,14.5,70.9,42.6,68.3,71.0,65.9,0.7440000000000001,0.691,54.0,5.8,4.5,7.3,18.7,5.7,136.0,33.2,224.0,41.0,-2.1,-2.1,-2.1,-2.1,-2.1,43.5,6.2,70.9,22.2,-2.1,-2.1,-2.1,-2.1,-2.1,-2.1,78.9,79.3,-2.1,36.8,25.2,48.3,14.7,0.9,27.0,4.2,68.8,3.6,3.1,98.2,22.0,3.6,1.42,2.3,93.4,1.07,9.9,13.9,1.9,48.0,18.0,38.9,38.7,40.3,77.0,1.15
 Ireland,20.6,19.0,12.0,0.23,10.5,0.24,0.94,7.6,152.7,0.878,6.0,66.3,59.8,28689.0,52436.0,17.5,17.8,17.2,148.3,22.2,10.1,10.1,90.9,0.976,0.192,4.5,30.3,46614.0,193.9,57.0,107.0,109.0,54.0,29.9,40550.0,0.2,12.0,1.2,0.873,0.894,0.8959999999999999,0.907,30.3,4.0,16.0,7333.0,41.6,52.4,72.8,62.5,78.8,81.2,76.4,0.905,0.894,8.0,11.7,10.9,10.7,33.3,101.4,57.0,4.4,91.0,5.2,9.9,9.9,9.9,9.9,9.9,2.3,15.4,72.8,30.3,9.9,9.9,9.9,9.9,9.9,9.9,97.1,89.8,9.9,74.6,74.8,69.1,2.9,0.4,4.2,0.3,60.5,1.2,-9.0,99.7,18.0,1.2,0.24,2.9,100.0,1.07,44.5,14.2,0.87,12.0,4.3,8.6,11.4,28.8,29.1,0.94
 Israel,13.0,16.1,6.5,0.31,8.2,0.27,1.04,7.1,86.6,0.847,2.0,76.4,54.7,20350.0,32874.0,15.7,16.2,15.4,81.7,3.4,7.2,7.2,96.6,0.977,0.17300000000000001,5.8,20.5,26761.0,185.5,94.0,104.0,105.0,58.0,19.0,26528.0,0.4,6.5,2.5,0.858,0.879,0.872,0.843,20.5,7.0,6.0,1903.0,25.2,55.1,68.8,61.7,80.3,82.2,78.2,0.927,0.879,7.0,12.3,12.3,12.1,28.7,117.5,50.0,4.5,89.0,5.6,3.3,3.3,3.3,3.3,3.3,2.3,16.1,68.8,20.5,3.3,3.3,3.3,3.3,3.3,3.3,100.0,100.0,3.3,75.3,72.6,73.0,4.1,0.7,6.6,0.7,91.5,2.5,2.5,98.2,13.0,2.5,0.27,7.0,100.0,1.05,46.3,15.0,1.04,6.5,11.3,17.8,7.7,28.8,44.8,1.04
 Italy,8.0,7.0,7.5,0.22,8.2,0.22,1.12,8.4,104.7,0.748,4.2,65.1,45.2,24462.0,51590.0,15.9,16.4,15.5,49.4,2.0,29.8,29.8,89.8,0.961,0.175,4.2,21.1,37604.0,2179.9,103.0,101.0,98.0,64.0,21.2,37661.0,0.3,7.5,1.0,0.836,0.87,0.857,0.8959999999999999,21.1,2.0,13.0,36513.0,35.0,37.9,61.0,49.0,80.9,83.6,78.1,0.938,0.87,4.0,9.2,8.8,9.6,42.0,121.6,44.0,3.8,84.0,4.5,5.6,5.6,5.6,5.6,5.6,2.3,29.4,61.0,21.1,5.6,5.6,5.6,5.6,5.6,5.6,100.0,85.19999999999999,5.6,68.8,63.5,74.6,39.0,11.5,58.8,2.8,67.7,1.0,-0.7,99.8,10.0,1.0,0.22,6.7,100.0,1.06,39.4,10.4,1.61,7.5,7.7,24.1,19.6,28.8,21.2,1.12
 Jamaica,10.1,84.0,4.1,0.46,3.8,15.72,1.17,4.1,56.1,0.618,18.1,64.1,58.8,5673.0,10147.0,12.5,12.7,11.4,90.5,5.7,31.3,31.3,88.9,0.986,0.47100000000000003,4.6,26.9,8411.0,23.1,92.0,101.0,90.0,19.0,26.7,7887.0,2.0,4.1,61.0,0.695,0.705,0.695,0.66,26.9,1.0,16.0,1479.0,12.8,55.6,76.8,66.0,73.4,76.2,70.8,0.8220000000000001,0.705,92.0,8.1,9.4,8.8,26.2,72.2,115.0,17.0,194.0,19.9,-6.3,-6.3,-6.3,-6.3,-6.3,0.4,13.1,76.8,26.9,-6.3,-6.3,-6.3,-6.3,-6.3,-6.3,91.6,84.4,-6.3,66.2,55.5,54.1,1.7,0.2,2.7,0.3,52.8,61.0,-4.1,96.7,22.0,61.0,15.72,11.3,80.4,1.05,46.5,13.6,1.72,4.1,10.9,25.1,34.7,5.8,48.6,1.17
 Japan,8.3,5.7,24.0,0.27,9.7,0.02,0.88,7.8,296.8,0.779,4.5,67.7,57.9,24490.0,48919.0,14.6,14.5,14.8,26.5,0.1,68.4,68.4,81.6,0.963,0.146,3.4,24.7,35658.0,4556.1,87.0,100.0,98.0,54.0,24.6,36461.0,0.4,24.0,0.5,0.853,0.8859999999999999,0.873,0.8909999999999999,24.7,1.0,2.0,6728.0,66.9,48.4,73.6,60.6,82.3,85.6,78.7,0.958,0.8859999999999999,7.0,11.2,11.0,11.4,43.0,75.2,45.0,2.7,92.0,3.7,0.3,0.3,0.3,0.3,0.3,2.3,29.5,73.6,24.7,0.3,0.3,0.3,0.3,0.3,0.3,98.5,100.0,0.3,82.2,81.6,82.8,85.4,25.2,128.3,5.7,86.0,0.5,1.3,99.8,19.0,0.5,0.02,3.7,100.0,1.06,41.0,10.7,0.91,24.0,4.4,8.7,14.5,28.8,20.8,0.88
 Jordan,7.1,33.1,8.0,0.42,3.7,19.23,1.12,8.9,109.7,0.705,3.9,69.5,34.8,2077.0,15480.0,13.7,13.9,13.5,147.5,15.8,1.1,1.1,97.9,0.83,0.557,4.4,34.1,8800.0,50.3,57.0,101.0,85.0,37.0,30.6,8992.0,0.1,8.0,1.2,0.631,0.7609999999999999,0.7290000000000001,0.68,34.1,2.0,5.0,2987.0,12.9,12.2,67.6,40.9,72.6,74.2,71.2,0.809,0.7609999999999999,62.0,9.7,9.1,9.8,20.8,54.9,105.0,20.6,140.0,24.3,-3.5,-3.5,-3.5,-3.5,-3.5,5.5,5.7,67.6,34.1,-3.5,-3.5,-3.5,-3.5,-3.5,-3.5,99.2,98.2,-3.5,56.4,50.1,58.3,3.4,0.2,5.7,0.8,79.5,1.2,-17.0,98.2,22.0,1.2,19.23,1.7,97.4,1.05,12.8,7.3,1.99,8.0,14.8,33.6,10.6,15.4,64.2,1.12
 Kazakhstan,-9.7,29.1,186.0,0.73,11.7,0.11,1.22,4.0,39.0,0.789,32.4,49.6,63.9,10957.0,20194.0,14.3,14.7,13.9,97.8,4.5,1.2,1.2,98.7,1.02,0.36,2.3,31.0,16014.0,242.6,33.0,101.0,85.0,26.0,28.0,15407.0,0.1,186.0,3.6,0.752,0.737,0.747,0.7609999999999999,31.0,1.0,1.0,4365.0,3.0,64.4,75.3,69.5,65.2,71.1,59.6,0.696,0.737,44.0,11.7,11.8,11.5,28.6,34.7,159.0,28.2,389.0,32.1,0.6,0.6,0.6,0.6,0.6,0.4,11.3,75.3,31.0,0.6,0.6,0.6,0.6,0.6,0.6,87.9,97.2,0.6,99.3,94.2,97.9,10.5,1.2,15.5,1.2,56.5,3.6,3.2,99.4,17.0,3.6,0.11,2.1,98.6,1.06,48.9,8.6,1.43,186.0,8.1,8.3,34.6,2.2,36.1,1.22
 Kenya,3.1,104.2,630.0,0.11,0.2,2.27,1.29,5.1,37.4,0.455,41.5,44.0,58.0,1770.0,2682.0,9.4,9.2,9.7,64.5,0.1,7.1,7.1,15.2,0.8859999999999999,0.654,7.3,17.6,2224.0,80.2,47.0,101.0,48.0,3.0,18.7,2223.0,7.4,630.0,3.0,0.45799999999999996,0.517,0.49,0.469,17.6,15.0,31.0,1399.0,3.1,60.1,69.7,64.8,55.8,57.4,54.2,0.551,0.517,728.0,5.8,4.7,6.7,17.6,12.8,373.0,51.8,433.0,81.0,0.1,0.1,0.1,0.1,0.1,4.0,4.8,69.7,17.6,0.1,0.1,0.1,0.1,0.1,0.1,50.6,30.6,0.1,27.4,22.0,36.2,19.3,0.9,36.0,6.1,21.7,3.0,0.1,98.2,42.0,3.0,2.27,81.2,11.9,1.03,38.1,7.1,1.85,630.0,10.5,21.9,57.6,39.3,81.8,1.29
 Korea (Republic of),18.6,2.2,94.0,0.38,9.6,0.58,0.86,5.1,125.5,0.831,7.9,65.2,59.8,17367.0,33212.0,16.3,15.4,17.1,71.2,1.5,64.6,64.6,80.6,0.93,0.107,3.9,32.2,25517.0,1229.5,57.0,101.0,97.0,92.0,30.9,25315.0,0.4,94.0,3.6,0.82,0.882,0.855,0.836,32.2,2.0,1.0,6023.0,73.5,50.4,74.0,62.1,78.4,81.6,74.9,0.898,0.882,14.0,11.4,10.5,12.3,34.8,78.7,50.0,4.7,126.0,5.5,0.3,0.3,0.3,0.3,0.3,2.3,12.3,74.0,32.2,0.3,0.3,0.3,0.3,0.3,0.3,98.5,100.0,0.3,80.5,74.1,87.5,35.2,4.3,48.7,2.5,81.3,3.6,-0.2,98.2,28.0,3.6,0.58,0.9,100.0,1.1,40.7,13.4,0.82,94.0,3.7,10.2,32.2,0.3,26.0,0.86
 Kuwait,36.4,19.7,26.0,0.34,31.4,1.6949999999999998,0.95,2.4,55.3,0.583,2.7,76.6,67.2,51795.0,137106.0,14.1,15.0,13.2,92.2,0.3,0.3,0.3,73.95,0.9990000000000001,0.371,4.7,16.4,93470.0,212.8,57.0,104.0,109.0,26.0,14.6,102169.0,0.1,26.0,1.8,0.782,0.782,0.7829999999999999,1.0,16.4,1.0,1.0,104.0,25.9,46.3,82.3,68.5,73.5,74.6,72.8,0.823,0.782,6.0,5.8,6.5,5.9,28.2,60.7,65.0,10.1,100.0,11.8,2.5,2.5,2.5,2.5,2.5,2.3,3.0,82.3,16.4,2.5,2.5,2.5,2.5,2.5,2.5,100.0,100.0,2.5,43.6,46.4,42.2,1.6,0.0,2.3,0.2,100.0,1.8,22.3,98.6,12.0,1.8,1.6949999999999998,0.0,100.0,1.05,26.6,1.5,1.05,26.0,2.0,11.2,2.1,0.0,36.1,0.95
 Kyrgyzstan,3.8,34.4,210.0,0.46,1.1,12.73,1.08,7.5,13.8,0.687,38.5,43.9,59.6,1598.0,2930.0,12.6,12.8,12.2,95.1,1.7,4.5,4.5,66.0,0.9620000000000001,0.677,4.9,16.4,2370.0,12.2,13.0,99.0,87.0,43.0,16.2,2258.0,0.1,210.0,8.3,0.601,0.624,0.616,0.47100000000000003,16.4,2.0,1.0,319.0,10.5,54.1,76.1,64.9,67.0,71.2,63.1,0.7240000000000001,0.624,85.0,10.2,10.1,10.2,23.8,10.7,144.0,34.2,301.0,39.4,-6.9,-6.9,-6.9,-6.9,-6.9,11.3,8.9,76.1,16.4,-6.9,-6.9,-6.9,-6.9,-6.9,-6.9,82.3,93.3,-6.9,86.2,91.3,87.9,3.2,0.3,5.1,0.5,35.3,8.3,-1.8,97.9,24.0,8.3,12.73,28.0,99.2,1.05,42.9,0.1,1.23,210.0,8.1,14.5,49.1,42.1,48.8,1.08
 Lao People's Democratic Republic,2.1,75.0,270.0,0.08,0.2,0.03,0.91,4.8,8.1,0.39,78.5,16.2,77.7,2634.0,3491.0,9.0,8.1,9.9,71.8,1.0,73.1,73.1,73.95,0.867,0.5429999999999999,2.4,34.1,3115.0,17.9,9.0,112.0,44.0,8.0,34.1,3059.0,0.2,270.0,9.6,0.469,0.541,0.506,0.517,34.1,32.0,59.0,672.0,0.8,77.9,79.8,78.8,61.8,63.1,60.4,0.643,0.541,418.0,4.2,3.3,5.2,19.1,11.4,221.0,69.6,266.0,96.2,-5.3,-5.3,-5.3,-5.3,-5.3,11.1,6.5,79.8,34.1,-5.3,-5.3,-5.3,-5.3,-5.3,-5.3,58.1,43.4,-5.3,25.1,18.3,32.1,3.2,0.2,5.8,0.8,27.2,9.6,-1.0,14.6,31.0,9.6,0.03,77.2,43.8,1.05,43.7,22.9,0.93,270.0,1.4,3.0,88.1,98.9,71.8,0.91
 Latvia,3.9,17.3,75.0,0.19,3.4,2.24,1.18,8.9,42.7,0.841,12.1,61.5,51.5,13275.0,22155.0,15.7,16.8,14.7,100.8,4.8,53.0,53.0,63.2,1.035,0.217,4.4,35.1,17522.0,39.2,91.0,94.0,99.0,76.0,31.3,17347.0,0.5,75.0,5.6,0.815,0.787,0.802,0.779,35.1,1.0,2.0,1116.0,46.0,50.4,65.6,57.3,71.1,76.6,65.5,0.787,0.787,22.0,12.1,12.5,12.1,39.5,83.1,117.0,8.7,326.0,10.5,-6.3,-6.3,-6.3,-6.3,-6.3,2.3,24.6,65.6,35.1,-6.3,-6.3,-6.3,-6.3,-6.3,-6.3,97.9,88.3,-6.3,98.0,98.0,98.0,1.5,0.4,2.3,0.1,68.0,5.6,-2.7,100.0,12.0,5.6,2.24,36.3,100.0,1.05,50.8,21.0,0.99,75.0,10.0,15.1,8.2,28.8,21.4,1.18
 Lebanon,-6.1,19.3,11.0,0.33,4.1,23.13,0.98,7.6,181.4,0.619,3.4,77.8,42.5,4201.0,19842.0,13.2,13.1,13.4,96.4,12.3,13.3,13.3,94.0,0.8690000000000001,0.428,2.7,22.7,12269.0,48.9,73.0,103.0,80.0,44.0,22.7,12149.0,0.1,11.0,3.6,0.664,0.764,0.732,0.725,22.7,17.0,37.0,1140.0,10.1,20.4,70.7,46.2,76.8,78.7,75.0,0.8740000000000001,0.764,27.0,7.5,7.1,7.7,26.5,24.9,67.0,12.2,95.0,14.2,30.5,30.5,30.5,30.5,30.5,1.1,11.6,70.7,22.7,30.5,30.5,30.5,30.5,30.5,30.5,87.7,79.7,30.5,55.2,53.0,55.8,2.6,0.3,4.0,0.3,86.6,3.6,-11.5,98.2,15.0,3.6,23.13,6.9,100.0,1.05,21.6,4.7,1.39,11.0,8.1,21.2,28.3,0.6,43.2,0.98
 Lesotho,8.3,89.6,1280.0,0.53,1.0,35.63,1.11,5.3,-0.9,0.473,25.8,46.9,44.2,2295.0,3507.0,10.7,10.9,10.4,76.6,1.6,1.4,1.4,0.0,0.956,0.584,12.1,22.4,1959.0,3.8,29.0,117.0,39.0,4.0,21.7,2881.0,22.8,1280.0,3.6,0.44799999999999995,0.469,0.461,0.508,22.4,5.0,17.0,304.0,2.6,64.1,77.4,70.4,46.5,47.4,45.4,0.408,0.469,746.0,5.3,5.8,4.7,19.4,12.8,583.0,82.5,626.0,114.7,-4.2,-4.2,-4.2,-4.2,-4.2,3.1,8.1,77.4,22.4,-4.2,-4.2,-4.2,-4.2,-4.2,-4.2,68.1,19.6,-4.2,32.8,26.8,22.6,1.1,0.1,1.9,0.3,22.2,3.6,-0.1,98.2,42.0,3.6,35.63,55.3,4.6,1.03,53.9,17.0,1.14,1280.0,37.2,47.8,62.1,70.6,70.3,1.11
 Liberia,-40.6,147.4,267.0,0.37,0.2,5.79,0.82,8.5,188.4,0.40399999999999997,53.0,37.7,52.9,419.0,613.0,10.0,8.9,11.6,270.4,15.1,46.5,46.5,73.95,0.768,0.677,4.4,19.5,598.0,1.9,57.0,101.0,85.0,26.0,19.5,516.0,2.9,267.0,3.6,0.32899999999999996,0.428,0.37799999999999995,0.248,19.5,25.0,38.0,1116.0,10.1,53.0,59.2,56.1,55.1,55.9,54.2,0.539,0.428,1020.0,3.8,2.1,5.5,18.2,4.9,287.0,87.9,327.0,125.1,-3.3,-3.3,-3.3,-3.3,-3.3,56.3,5.6,59.2,19.5,-3.3,-3.3,-3.3,-3.3,-3.3,-3.3,64.5,14.3,-3.3,25.0,13.0,37.5,1.8,0.1,3.3,0.6,46.1,3.6,-15.1,98.2,22.0,3.6,5.79,88.2,94.80000000000001,1.05,46.4,13.8,0.61,267.0,5.6,4.7,80.7,89.6,80.7,0.82
 Libya,12.9,6.3,40.0,0.34,9.0,0.03,1.19,2.6,-41.5,0.642,8.7,63.1,41.8,9681.0,35646.0,15.4,15.6,15.1,90.9,2.2,0.1,0.1,99.1,0.917,0.27,4.4,9.5,26045.0,150.9,57.0,102.0,92.0,26.0,15.2,23070.0,0.4,40.0,3.7,0.705,0.769,0.747,0.8220000000000001,9.5,2.0,3.0,81.0,3.9,27.4,75.5,52.3,71.4,73.7,69.4,0.79,0.769,11.0,6.4,6.3,6.6,24.0,34.5,107.0,19.8,163.0,23.1,-0.7,-0.7,-0.7,-0.7,-0.7,0.1,6.1,75.5,9.5,-0.7,-0.7,-0.7,-0.7,-0.7,-0.7,91.2,99.7,-0.7,42.7,45.1,40.5,3.8,0.2,5.8,0.6,77.1,3.7,-1.1,98.2,22.0,3.7,0.03,1.8,97.5,1.06,23.4,4.7,1.59,40.0,20.0,46.8,36.5,2.3,45.7,1.19
 Lithuania,19.5,21.1,86.0,0.23,4.2,2.85,0.99,5.6,42.7,0.848,14.3,56.7,51.5,14326.0,22823.0,16.3,17.2,15.5,114.9,3.2,33.8,33.8,59.9,1.028,0.185,4.9,24.1,18527.0,61.6,67.0,94.0,103.0,80.0,23.4,18273.0,0.1,86.0,11.1,0.82,0.7979999999999999,0.809,0.787,24.1,2.0,3.0,2000.0,36.2,50.6,62.9,56.2,71.7,77.7,65.8,0.795,0.7979999999999999,12.0,11.8,11.7,12.1,38.5,130.2,113.0,7.2,332.0,9.0,-5.8,-5.8,-5.8,-5.8,-5.8,2.3,23.8,62.9,24.1,-5.8,-5.8,-5.8,-5.8,-5.8,-5.8,92.6,87.7,-5.8,87.0,83.7,91.1,2.2,0.5,3.3,0.1,66.6,11.1,-0.3,100.0,14.0,11.1,2.85,17.5,100.0,1.06,50.5,22.0,1.05,86.0,8.3,15.8,15.2,28.8,24.9,0.99
 Luxembourg,35.0,11.7,9.3,0.28,24.8,3.21,1.16,7.2,128.5,0.752,1.7,81.0,52.3,50270.0,94389.0,13.5,13.6,13.4,297.8,12.4,33.5,33.5,91.2,0.978,0.156,4.4,21.0,88610.0,41.2,87.0,101.0,95.0,26.0,19.1,72041.0,0.4,9.3,0.9,0.86,0.88,0.878,0.9940000000000001,21.0,1.0,5.0,913.0,70.0,45.4,64.7,54.8,78.9,81.8,75.9,0.9059999999999999,0.88,13.0,11.3,11.0,11.6,38.5,111.4,56.0,2.9,104.0,3.5,6.5,6.5,6.5,6.5,6.5,2.3,21.5,64.7,21.0,6.5,6.5,6.5,6.5,6.5,6.5,99.9,97.7,6.5,71.7,68.4,75.0,0.3,0.1,0.5,0.0,86.6,0.9,-106.4,98.2,11.0,0.9,3.21,1.9,100.0,1.05,41.7,23.3,1.66,9.3,4.5,13.6,5.3,28.8,27.8,1.16
 Madagascar,-0.9,149.5,262.0,0.07,0.1,1.7,1.03,5.5,12.8,0.43799999999999994,82.0,14.6,84.6,1142.0,1597.0,9.1,8.8,9.4,73.8,1.7,22.1,22.1,73.95,0.94,0.428,3.8,22.2,1390.0,25.5,7.0,139.0,21.0,3.0,22.2,1368.0,0.2,262.0,10.0,0.672,0.715,0.479,0.395,22.2,12.0,26.0,277.0,0.6,84.2,89.2,86.6,61.2,62.5,59.9,0.634,0.715,508.0,5.6,7.5,7.9,17.5,2.8,241.0,54.3,286.0,82.0,-0.1,-0.1,-0.1,-0.1,-0.1,18.5,5.6,89.2,22.2,-0.1,-0.1,-0.1,-0.1,-0.1,-0.1,40.8,6.2,-0.1,55.2,51.7,55.8,9.6,0.5,18.3,3.1,28.8,10.0,-2.2,98.2,54.0,10.0,1.7,80.5,94.80000000000001,1.02,47.5,8.4,1.09,262.0,2.3,3.9,89.1,88.4,85.4,1.03
 Malawi,-13.3,155.7,397.0,0.08,0.1,0.62,1.08,6.1,9.5,0.373,85.0,5.9,71.1,694.0,973.0,9.4,9.2,9.6,57.4,3.8,36.1,36.1,73.95,0.868,0.654,4.4,17.1,840.0,11.0,57.0,124.0,27.0,0.0,15.2,832.0,12.9,397.0,1.5,0.353,0.406,0.38,0.32,17.1,1.0,18.0,438.0,0.4,74.2,80.1,77.1,49.8,51.4,48.2,0.45899999999999996,0.406,648.0,3.4,2.5,4.4,16.4,3.2,479.0,70.2,578.0,115.4,-0.6,-0.6,-0.6,-0.6,-0.6,15.9,5.6,80.1,17.1,-0.6,-0.6,-0.6,-0.6,-0.6,-0.6,56.8,37.5,-0.6,10.0,5.7,14.6,6.6,0.4,13.0,2.3,15.1,1.5,-3.6,59.0,22.0,1.5,0.62,83.8,2.0,1.02,34.5,13.6,1.4,397.0,7.8,10.5,64.4,89.1,92.6,1.08
 Malaysia,17.7,13.0,69.0,0.37,6.8,0.78,1.06,2.9,117.7,0.608,14.6,55.6,59.0,10526.0,24679.0,12.7,13.1,12.3,203.9,2.7,63.6,63.6,96.8,0.935,0.324,4.4,22.4,18577.0,476.7,62.0,100.0,85.0,26.0,22.3,17778.0,0.7,69.0,2.4,0.6990000000000001,0.748,0.731,0.7829999999999999,22.4,2.0,4.0,16431.0,48.6,44.0,77.5,61.1,73.5,75.8,71.4,0.823,0.748,52.0,7.6,6.8,7.9,25.0,76.2,91.0,7.0,168.0,8.1,5.3,5.3,5.3,5.3,5.3,0.0,6.8,77.5,22.4,5.3,5.3,5.3,5.3,5.3,5.3,97.5,97.9,5.3,46.5,42.9,49.9,16.7,1.1,25.7,2.5,66.6,2.4,1.9,98.1,17.0,2.4,0.78,4.9,96.6,1.06,36.8,13.1,1.21,69.0,3.5,11.3,21.2,3.2,46.8,1.06
 Maldives,8.3,23.9,48.0,0.2,1.9,0.19,0.99,8.8,47.0,0.451,14.4,59.5,61.4,5374.0,11092.0,12.0,12.1,11.9,76.6,4.6,3.3,3.3,0.0,0.925,0.42100000000000004,5.0,22.4,9274.0,3.0,75.0,119.0,85.0,26.0,21.7,8388.0,0.4,48.0,3.6,0.603,0.652,0.631,0.669,22.4,1.0,3.0,395.0,6.9,50.4,75.7,63.9,74.2,75.8,73.1,0.833,0.652,101.0,3.5,3.2,3.7,22.1,63.9,82.0,19.2,107.0,22.6,9.2,9.2,9.2,9.2,9.2,6.8,6.7,75.7,22.4,9.2,9.2,9.2,9.2,9.2,9.2,94.3,87.6,9.2,16.3,10.7,15.0,0.2,0.0,0.3,0.0,33.8,3.6,-4.6,91.6,20.0,3.6,0.19,1.8,87.2,1.06,39.1,12.0,1.14,48.0,3.8,8.2,30.8,22.0,49.2,0.99
 Mali,4.7,186.3,69.0,0.04,0.1,2.84,1.09,5.0,14.1,0.226,44.8,40.1,48.6,1020.0,2409.0,6.1,5.2,7.0,54.1,2.6,4.5,4.5,73.95,0.7509999999999999,0.723,3.5,20.9,1761.0,22.5,3.0,74.0,26.0,26.0,20.2,1712.0,1.5,69.0,12.7,0.303,0.40299999999999997,0.363,0.429,20.9,4.0,27.0,143.0,0.5,38.2,69.9,53.7,52.1,52.7,51.4,0.493,0.40299999999999997,714.0,1.7,0.8,2.0,16.5,6.0,293.0,94.9,312.0,171.8,-1.1,-1.1,-1.1,-1.1,-1.1,12.0,5.8,69.9,20.9,-1.1,-1.1,-1.1,-1.1,-1.1,-1.1,57.7,23.3,-1.1,10.3,2.2,8.9,6.4,0.4,12.8,2.5,32.1,12.7,-3.4,98.2,54.0,12.7,2.84,85.8,3.0,1.05,43.0,10.2,1.34,69.0,9.5,14.7,87.4,77.3,93.3,1.09
 Malta,8.3,20.4,6.2,0.25,6.7,3.48,0.99,8.7,149.2,0.737,2.1,68.1,45.0,12745.0,38409.0,14.8,14.7,14.6,211.2,341.1,1.1,1.1,99.9,0.9129999999999999,0.305,4.4,21.3,26344.0,10.6,93.0,97.0,102.0,32.0,22.0,25521.0,0.1,6.2,1.0,0.778,0.852,0.8240000000000001,0.8370000000000001,21.3,6.0,14.0,1171.0,41.2,29.6,67.6,48.4,78.9,80.6,77.2,0.907,0.852,13.0,9.8,9.3,10.3,38.2,79.6,48.0,6.0,83.0,6.9,2.7,2.7,2.7,2.7,2.7,2.3,19.7,67.6,21.3,2.7,2.7,2.7,2.7,2.7,2.7,100.0,100.0,2.7,63.2,58.8,67.8,0.3,0.1,0.4,0.0,93.6,1.0,63.2,99.7,18.0,1.0,3.48,0.2,100.0,1.06,31.1,9.2,1.33,6.2,6.9,16.2,9.4,28.8,25.8,0.99
 Mauritania,8.3,95.3,181.0,0.17,0.5,1.6949999999999998,1.08,4.5,52.3,0.311,77.9,13.3,45.3,1520.0,4697.0,7.2,7.1,7.2,113.2,37.2,0.3,0.3,73.95,0.81,0.428,4.4,61.5,2986.0,9.3,57.0,91.0,22.0,3.0,59.0,3111.0,0.9,181.0,12.4,0.41,0.506,0.466,0.519,61.5,15.0,35.0,1116.0,0.7,30.2,71.4,50.6,60.7,62.3,59.1,0.627,0.506,750.0,3.4,2.3,4.4,18.7,23.8,197.0,67.7,246.0,109.4,0.5,0.5,0.5,0.5,0.5,8.4,5.7,71.4,61.5,0.5,0.5,0.5,0.5,0.5,0.5,59.4,30.2,0.5,12.2,6.4,18.4,1.7,0.1,3.1,0.5,42.1,12.4,-2.2,98.2,40.0,12.4,1.6949999999999998,38.8,1.6,1.05,19.2,13.9,1.25,181.0,10.4,17.0,49.8,29.9,76.8,1.08
 Mauritius,9.4,36.5,23.0,0.22,2.7,0.01,1.27,3.7,107.2,0.614,10.0,57.6,53.0,7429.0,18268.0,13.4,13.4,13.5,125.7,0.7,18.8,18.8,77.4,0.9279999999999999,0.369,4.2,22.5,12442.0,15.3,101.0,103.0,89.0,21.0,21.4,12801.0,0.4,23.0,3.0,0.682,0.735,0.713,0.733,22.5,1.0,2.0,761.0,15.2,41.1,76.8,58.7,72.4,75.8,69.2,0.807,0.735,39.0,7.2,6.7,7.8,30.5,53.8,107.0,13.9,215.0,15.7,-3.2,-3.2,-3.2,-3.2,-3.2,0.5,9.6,76.8,22.5,-3.2,-3.2,-3.2,-3.2,-3.2,-3.2,99.5,92.0,-3.2,47.6,43.1,50.7,0.8,0.1,1.2,0.1,42.1,3.0,0.3,99.2,22.0,3.0,0.01,17.7,99.8,1.04,33.5,17.1,2.85,23.0,9.6,26.1,16.8,2.1,36.0,1.27
 Mexico,10.4,76.1,21.0,0.27,4.3,2.59,1.11,5.9,31.0,0.595,14.8,59.5,58.9,9301.0,21345.0,12.3,12.5,12.2,62.4,3.0,34.5,34.5,88.6,0.937,0.43,4.9,22.1,15792.0,1712.9,86.0,105.0,80.0,23.0,20.7,15291.0,0.2,21.0,9.1,0.6990000000000001,0.746,0.728,0.76,22.1,1.0,4.0,21915.0,17.2,41.3,81.5,61.1,75.3,77.8,72.9,0.852,0.746,54.0,7.6,7.2,7.9,24.2,43.4,89.0,17.6,158.0,20.6,-5.5,-5.5,-5.5,-5.5,-5.5,0.0,8.6,81.5,22.1,-5.5,-5.5,-5.5,-5.5,-5.5,-5.5,92.5,80.9,-5.5,46.9,44.5,49.6,67.6,5.8,108.5,11.7,76.3,9.1,-0.7,93.3,28.0,9.1,2.59,10.3,96.6,1.05,38.4,23.7,1.15,21.0,3.6,6.8,30.7,9.7,51.8,1.11
 Moldova (Republic of),11.2,31.0,142.0,0.41,1.4,30.62,0.98,9.6,31.5,0.6759999999999999,40.7,43.3,45.0,3086.0,4385.0,11.9,12.4,11.5,142.8,6.4,11.0,11.0,89.4,0.992,0.295,7.2,30.8,3308.0,11.9,66.0,98.0,88.0,36.0,24.6,3708.0,0.2,142.0,7.1,0.645,0.65,0.648,0.546,30.8,2.0,3.0,67.0,14.6,46.4,50.9,48.5,67.8,71.7,63.9,0.736,0.65,39.0,10.4,10.2,10.6,32.4,26.2,151.0,16.7,312.0,19.6,-0.6,-0.6,-0.6,-0.6,-0.6,5.1,13.9,50.9,30.8,-0.6,-0.6,-0.6,-0.6,-0.6,-0.6,85.0,74.1,-0.6,84.6,85.9,91.5,3.0,0.4,4.2,0.2,42.8,7.1,-6.2,99.5,18.0,7.1,30.62,4.3,98.0,1.06,51.7,21.8,0.7,142.0,7.3,18.4,30.1,28.8,25.9,0.98
 Mongolia,20.9,21.5,228.0,0.56,3.4,7.01,1.01,4.2,26.6,0.639,45.7,42.5,57.3,4954.0,7063.0,12.7,13.5,11.8,122.4,7.4,7.3,7.3,93.9,1.0170000000000001,0.41200000000000003,4.4,37.5,6047.0,15.3,46.0,98.0,90.0,45.0,27.9,6004.0,0.1,228.0,15.8,0.6629999999999999,0.652,0.65,0.619,37.5,1.0,3.0,338.0,10.1,53.7,64.9,59.3,65.1,69.1,61.5,0.6940000000000001,0.652,95.0,8.6,9.4,9.2,24.0,22.1,174.0,33.4,331.0,41.4,-1.2,-1.2,-1.2,-1.2,-1.2,8.9,5.5,64.9,37.5,-1.2,-1.2,-1.2,-1.2,-1.2,-1.2,71.9,52.5,-1.2,82.8,81.5,83.5,1.7,0.1,2.5,0.2,62.5,15.8,-7.4,99.2,34.0,15.8,7.01,5.3,67.1,1.03,47.0,6.7,0.89,228.0,3.3,6.8,66.8,15.5,43.0,1.01
 Montenegro,8.3,16.5,29.0,0.28,3.3,1.6949999999999998,0.97,7.7,17.5,0.718,8.6,72.1,35.3,8531.0,15374.0,13.2,13.5,12.8,104.6,22.2,46.5,46.5,51.8,0.9440000000000001,0.428,4.4,17.7,11761.0,7.2,31.0,113.0,94.0,22.0,18.0,11894.0,0.1,29.0,3.6,0.73,0.773,0.753,0.722,17.7,3.0,8.0,272.0,27.1,42.7,59.1,50.6,73.6,76.2,71.1,0.825,0.773,9.0,10.5,9.8,11.4,35.0,88.1,94.0,9.6,167.0,10.6,-2.6,-2.6,-2.6,-2.6,-2.6,0.2,19.6,59.1,17.7,-2.6,-2.6,-2.6,-2.6,-2.6,-2.6,91.2,85.19999999999999,-2.6,84.9,78.8,91.6,0.4,0.1,0.6,0.0,62.5,3.6,-2.2,99.0,22.0,3.6,1.6949999999999998,47.6,99.5,1.08,44.0,13.9,0.94,29.0,30.3,59.6,17.2,0.7,30.2,0.97
 Morocco,26.9,36.1,99.0,0.28,1.5,7.36,0.97,4.8,69.3,0.409,45.5,35.0,45.2,2289.0,8460.0,10.1,9.4,10.7,67.9,2.6,12.1,12.1,84.2,0.8059999999999999,0.586,4.4,30.3,5362.0,166.0,58.0,106.0,50.0,12.0,28.5,5337.0,0.1,99.0,1.5,0.507,0.629,0.58,0.601,30.3,1.0,3.0,5843.0,15.1,26.7,76.4,50.8,71.5,72.9,69.9,0.792,0.629,190.0,3.9,2.8,4.9,24.4,40.6,100.0,34.6,127.0,40.5,-4.4,-4.4,-4.4,-4.4,-4.4,1.2,9.1,76.4,30.3,-4.4,-4.4,-4.4,-4.4,-4.4,-4.4,70.6,74.2,-4.4,22.7,17.9,27.7,19.4,1.8,30.5,3.1,55.2,1.5,-2.7,98.2,27.0,1.5,7.36,20.7,62.0,1.06,19.0,6.4,1.07,99.0,11.0,15.9,59.1,18.1,48.4,0.97
 Mozambique,-4.6,187.4,523.0,0.12,0.1,0.76,0.98,6.4,7.1,0.318,79.3,17.4,66.6,648.0,774.0,8.0,7.2,8.9,76.4,1.6,51.0,51.0,6.0,0.8590000000000001,0.625,4.4,19.0,742.0,15.5,57.0,97.0,13.0,1.0,13.2,709.0,13.7,523.0,5.2,0.32899999999999996,0.38299999999999995,0.35700000000000004,0.29600000000000004,19.0,13.0,22.0,578.0,0.9,87.1,82.9,85.1,51.4,53.0,49.6,0.483,0.38299999999999995,762.0,2.9,2.1,3.6,17.1,7.2,391.0,89.8,448.0,133.5,0.3,0.3,0.3,0.3,0.3,17.5,6.0,82.9,19.0,0.3,0.3,0.3,0.3,0.3,0.3,30.2,15.8,0.3,3.2,5.4,15.8,10.7,0.6,20.9,3.8,30.0,5.2,-0.3,48.5,66.0,5.2,0.76,93.6,1.5,1.03,27.0,34.8,1.25,523.0,21.7,38.5,87.2,90.5,88.7,0.98
 Myanmar,8.3,38.0,403.0,0.1,0.2,1.08,1.07,1.8,23.1,0.344,69.5,18.8,68.9,1548.0,3014.0,8.1,12.75,12.2,0.3,2.0,51.0,51.0,29.5,0.94,0.428,4.4,22.4,2275.0,110.3,57.0,101.0,45.0,26.0,21.7,2264.0,0.9,403.0,1.4,0.672,0.715,0.47700000000000004,0.47100000000000003,22.4,24.0,16.0,660.0,0.1,56.1,84.0,69.5,63.6,65.6,61.6,0.6709999999999999,0.715,248.0,3.5,3.6,3.4,24.7,0.3,197.0,57.8,254.0,77.8,-5.3,-5.3,-5.3,-5.3,-5.3,1.2,7.5,84.0,22.4,-5.3,-5.3,-5.3,-5.3,-5.3,-5.3,59.0,67.9,-5.3,16.2,19.4,12.9,31.2,2.3,48.5,5.3,27.9,1.4,-2.2,72.5,31.0,1.4,1.08,79.6,32.1,1.03,42.1,13.9,1.43,403.0,0.9,1.6,73.0,83.4,48.1,1.07
 Namibia,21.2,81.7,918.0,0.16,1.1,0.24,1.13,12.4,53.2,0.516,26.8,57.9,45.0,5564.0,8839.0,11.4,11.4,11.4,80.8,5.4,9.3,9.3,63.1,0.951,0.526,4.4,19.7,7260.0,14.8,57.0,109.0,63.0,7.0,18.6,7155.0,15.0,918.0,3.6,0.541,0.569,0.556,0.645,19.7,7.0,27.0,778.0,4.0,52.0,64.4,57.9,53.6,55.3,51.8,0.516,0.569,390.0,6.0,6.0,5.9,19.6,22.1,475.0,44.1,521.0,71.0,-5.1,-5.1,-5.1,-5.1,-5.1,1.6,5.8,64.4,19.7,-5.1,-5.1,-5.1,-5.1,-5.1,-5.1,77.6,30.1,-5.1,30.6,30.1,31.1,1.2,0.1,2.0,0.3,36.6,3.6,8.8,98.2,31.0,3.6,0.24,32.1,21.6,1.03,49.0,26.9,1.25,918.0,22.2,44.2,36.8,37.0,70.0,1.13
 Nepal,24.8,106.8,163.0,0.07,0.1,14.9,0.78,4.5,42.2,0.359,76.0,19.3,83.0,1310.0,2074.0,9.6,8.8,10.3,44.1,0.0,25.4,25.4,10.6,0.8320000000000001,0.652,3.4,26.5,1684.0,43.2,36.0,115.0,49.0,8.0,19.9,1689.0,0.3,163.0,3.4,0.43,0.517,0.475,0.42700000000000005,26.5,19.0,26.0,375.0,0.8,79.9,88.7,84.2,65.5,66.8,64.3,0.701,0.517,444.0,2.8,1.7,4.0,20.0,0.9,184.0,47.3,223.0,61.5,-6.5,-6.5,-6.5,-6.5,-6.5,5.2,7.7,88.7,26.5,-6.5,-6.5,-6.5,-6.5,-6.5,-6.5,82.4,28.4,-6.5,23.2,13.3,34.4,14.4,1.1,25.6,3.4,15.1,3.4,-2.2,98.2,40.0,3.4,14.9,89.5,39.8,1.07,31.9,6.4,0.71,163.0,1.5,2.5,82.1,62.9,70.8,0.78
 Netherlands,14.4,7.1,7.9,0.26,11.1,0.19,1.01,9.3,166.2,0.8440000000000001,3.3,76.1,61.3,34310.0,52299.0,16.4,16.3,16.5,124.6,30.9,10.8,10.8,93.1,0.9620000000000001,0.083,5.2,20.9,43507.0,710.0,57.0,107.0,118.0,59.0,20.6,43230.0,0.2,7.9,1.1,0.8740000000000001,0.909,0.8909999999999999,0.917,20.9,2.0,5.0,10012.0,81.0,56.6,72.3,64.4,79.4,81.5,77.1,0.914,0.909,11.0,11.6,11.4,12.2,39.0,96.7,61.0,4.5,83.0,5.4,1.8,1.8,1.8,1.8,1.8,2.3,20.9,72.3,20.9,1.8,1.8,1.8,1.8,1.8,1.8,100.0,97.9,1.8,88.4,86.4,90.4,11.1,2.3,16.4,1.0,82.6,1.1,0.6,98.2,22.0,1.1,0.19,2.8,100.0,1.06,45.1,34.2,1.16,7.9,4.7,8.2,8.7,28.8,27.1,1.01
 New Zealand,9.7,26.7,9.2,0.26,8.3,0.31,1.04,8.3,126.4,0.888,7.2,70.7,64.6,22564.0,36470.0,19.1,20.0,18.3,58.0,1.7,38.7,38.7,68.2,0.965,0.188,6.3,25.4,31352.0,129.6,57.0,100.0,120.0,26.0,24.7,29376.0,0.4,9.2,1.5,0.877,0.909,0.888,0.858,25.4,8.0,18.0,2353.0,62.7,60.1,74.7,67.2,79.7,81.8,77.6,0.919,0.909,14.0,11.7,12.1,12.4,35.5,85.4,60.0,5.4,94.0,6.6,6.7,6.7,6.7,6.7,6.7,2.3,18.2,74.7,25.4,6.7,6.7,6.7,6.7,6.7,6.7,100.0,100.0,6.7,67.0,81.0,83.0,2.7,0.5,4.1,0.3,86.3,1.5,-2.3,94.0,16.0,1.5,0.31,29.3,100.0,1.05,47.1,32.2,1.17,9.2,3.8,9.8,12.0,28.8,32.5,1.04
 Nicaragua,5.6,113.2,44.0,0.21,0.8,9.74,1.09,5.5,61.6,0.488,28.9,51.4,59.0,2185.0,5216.0,11.0,11.4,10.9,71.6,3.8,28.8,28.8,47.9,0.938,0.542,4.4,25.9,3772.0,20.3,41.0,121.0,69.0,26.0,21.7,3681.0,0.3,44.0,13.6,0.574,0.612,0.596,0.545,25.9,8.0,4.0,712.0,2.6,44.1,82.1,62.5,71.9,74.9,68.9,0.799,0.612,190.0,5.5,5.5,5.5,21.2,20.8,129.0,26.1,226.0,31.4,-6.7,-6.7,-6.7,-6.7,-6.7,12.4,7.2,82.1,25.9,-6.7,-6.7,-6.7,-6.7,-6.7,-6.7,81.1,65.7,-6.7,33.8,33.9,34.9,3.2,0.2,5.4,0.6,55.9,13.6,-2.2,79.8,34.0,13.6,9.74,53.9,43.6,1.05,46.9,20.7,1.13,44.0,5.6,8.6,45.4,34.2,60.2,1.09
 Niger,0.2,215.5,143.0,0.07,0.1,1.95,0.69,7.2,9.1,0.14400000000000002,77.6,15.5,76.6,562.0,962.0,3.6,3.0,4.3,47.4,1.5,1.0,1.0,14.0,0.73,0.7020000000000001,4.4,22.8,763.0,10.4,1.0,48.0,10.0,1.0,21.4,761.0,1.0,143.0,3.6,0.23600000000000002,0.324,0.28300000000000003,0.307,22.8,42.0,53.0,58.0,0.2,67.8,90.9,79.0,53.1,53.8,52.5,0.51,0.324,723.0,1.3,0.7,1.9,15.4,2.4,268.0,79.3,295.0,172.3,-0.5,-0.5,-0.5,-0.5,-0.5,15.4,5.0,90.9,22.8,-0.5,-0.5,-0.5,-0.5,-0.5,-0.5,40.5,8.1,-0.5,4.7,2.0,7.3,6.6,0.3,13.6,2.8,16.2,3.6,-2.2,98.2,44.0,3.6,1.95,87.6,94.80000000000001,1.05,50.3,12.4,0.54,143.0,3.1,5.6,90.5,88.1,101.5,0.69
 Nigeria,-2.5,130.3,219.0,0.18,0.8,13.04,1.14,3.8,8.6,0.426,51.2,40.4,52.4,2712.0,4607.0,9.0,8.2,9.9,50.7,4.4,12.2,12.2,21.7,0.836,0.428,4.4,5.5,4149.0,576.5,44.0,101.0,35.0,10.0,5.5,3669.0,3.9,219.0,11.8,0.42200000000000004,0.505,0.465,0.544,5.5,52.0,59.0,1010.0,3.5,47.8,61.7,54.8,48.2,49.0,47.5,0.435,0.505,946.0,5.2,4.3,6.2,18.0,13.4,381.0,96.5,414.0,157.9,-0.3,-0.3,-0.3,-0.3,-0.3,6.5,5.1,61.7,5.5,-0.3,-0.3,-0.3,-0.3,-0.3,-0.3,53.6,35.0,-0.3,55.2,51.7,55.8,74.5,3.8,138.9,24.3,39.1,11.8,-4.0,98.2,37.0,11.8,13.04,84.1,23.9,1.06,49.4,5.8,1.02,219.0,4.3,9.9,82.9,72.5,81.5,1.14
 Norway,21.2,10.0,6.9,0.15,9.2,0.16,0.94,8.3,106.8,0.9009999999999999,3.3,75.9,62.6,50412.0,76640.0,17.5,18.2,16.8,70.9,3.3,33.1,33.1,55.0,0.9890000000000001,0.085,6.9,22.6,62865.0,290.6,88.0,99.0,114.0,79.0,20.3,63424.0,0.4,6.9,0.7,0.924,0.935,0.932,0.975,22.6,1.0,10.0,3824.0,82.0,60.7,70.3,65.4,80.0,82.3,77.5,0.9229999999999999,0.935,7.0,12.4,12.4,12.5,38.0,102.6,56.0,3.2,88.0,4.0,3.0,3.0,3.0,3.0,3.0,2.3,22.6,70.3,22.6,3.0,3.0,3.0,3.0,3.0,3.0,100.0,98.1,3.0,96.6,96.6,96.7,3.0,0.7,4.6,0.3,77.7,0.7,9.6,99.2,22.0,0.7,0.16,58.6,100.0,1.05,48.0,37.9,0.91,6.9,4.4,11.4,6.0,28.8,29.9,0.94
 Oman,-2.7,21.1,12.0,0.29,11.9,0.13,1.32,2.6,27.8,0.5529999999999999,6.8,75.5,45.3,13528.0,61437.0,11.7,11.6,11.8,89.3,4.9,0.0,0.0,73.95,0.879,0.389,3.5,21.4,41458.0,104.1,57.0,93.0,88.0,18.0,22.0,40625.0,0.4,12.0,2.1,0.687,0.782,0.748,0.907,21.4,1.0,2.0,891.0,6.7,25.2,77.4,56.1,74.2,76.6,72.3,0.8340000000000001,0.782,20.0,6.8,6.1,7.7,22.9,53.1,86.0,11.0,137.0,12.8,1.3,1.3,1.3,1.3,1.3,0.1,4.0,77.4,21.4,1.3,1.3,1.3,1.3,1.3,1.3,76.6,91.8,1.3,45.1,38.4,48.8,1.6,0.1,2.5,0.3,72.4,2.1,-4.6,98.0,22.0,2.1,0.13,0.0,94.80000000000001,1.05,14.6,7.8,2.69,12.0,19.2,48.7,9.9,0.6,50.0,1.32
 Pakistan,12.8,45.9,276.0,0.22,0.9,3.91,1.05,2.9,46.5,0.33,43.1,36.6,48.6,977.0,7038.0,6.5,5.7,7.4,35.3,2.0,2.5,2.5,60.9,0.675,0.595,2.3,19.1,4013.0,617.7,51.0,88.0,26.0,5.0,17.5,4101.0,0.1,276.0,6.4,0.361,0.535,0.5,0.561,19.1,27.0,39.0,798.0,6.3,19.3,84.1,52.6,63.8,64.8,63.0,0.674,0.535,249.0,4.5,1.5,4.0,20.2,8.3,166.0,80.3,196.0,101.6,-0.9,-0.9,-0.9,-0.9,-0.9,1.4,7.4,84.1,19.1,-0.9,-0.9,-0.9,-0.9,-0.9,-0.9,88.9,40.7,-0.9,32.5,19.9,32.1,88.6,6.5,153.9,20.1,34.0,6.4,-2.8,31.0,38.0,6.4,3.91,47.5,74.3,1.1,9.7,20.6,2.0,276.0,7.7,11.8,61.2,54.3,66.2,1.05
 Panama,12.4,89.7,61.0,0.17,2.1,0.79,1.18,6.6,85.3,0.6579999999999999,15.7,67.1,57.9,7985.0,14371.0,12.9,13.5,12.3,135.7,6.7,64.3,64.3,73.7,0.985,0.475,4.4,27.8,11938.0,39.8,60.0,107.0,68.0,42.0,20.7,11199.0,0.7,61.0,10.9,0.726,0.737,0.7390000000000001,0.713,27.8,5.0,1.0,702.0,11.5,48.0,81.1,64.6,75.9,78.8,73.3,0.861,0.737,87.0,9.0,8.8,8.4,25.9,52.5,88.0,19.4,162.0,22.8,1.0,1.0,1.0,1.0,1.0,0.1,9.6,81.1,27.8,1.0,1.0,1.0,1.0,1.0,1.0,90.5,68.4,1.0,56.8,55.7,52.7,2.1,0.2,3.3,0.4,63.7,10.9,-0.8,91.1,24.0,10.9,0.79,27.0,61.4,1.05,40.8,16.7,1.53,61.0,10.3,25.3,31.9,14.2,47.9,1.18
 Paraguay,8.0,76.6,43.0,0.11,0.7,1.85,1.24,5.0,17.0,0.581,32.4,51.9,66.2,3332.0,6885.0,12.1,12.1,12.1,104.2,0.1,46.5,46.5,29.0,0.9279999999999999,0.536,4.4,17.0,6120.0,35.5,36.0,112.0,67.0,26.0,16.6,5131.0,0.4,43.0,15.3,0.62,0.6679999999999999,0.649,0.595,17.0,3.0,9.0,341.0,7.9,55.0,85.3,70.3,71.3,73.4,69.2,0.789,0.6679999999999999,159.0,7.3,7.1,7.5,21.9,32.6,140.0,23.8,182.0,28.5,-1.7,-1.7,-1.7,-1.7,-1.7,0.7,8.1,85.3,17.0,-1.7,-1.7,-1.7,-1.7,-1.7,-1.7,83.5,78.7,-1.7,41.7,39.2,44.3,3.5,0.3,5.8,0.7,57.6,15.3,-0.4,87.5,22.0,15.3,1.85,68.8,89.0,1.05,43.9,9.6,1.49,43.0,5.8,12.5,48.9,11.1,58.9,1.24
 Peru,10.4,61.5,153.0,0.18,1.3,1.89,1.0,4.5,17.6,0.653,34.8,51.1,71.9,4788.0,9602.0,13.0,13.0,13.0,47.4,3.4,59.0,59.0,71.6,0.935,0.45,2.8,17.3,7595.0,209.7,64.0,117.0,85.0,33.0,17.1,7194.0,0.4,153.0,3.6,0.672,0.718,0.698,0.6459999999999999,17.3,6.0,23.0,1571.0,17.1,66.7,84.6,75.6,72.5,75.2,69.8,0.807,0.718,114.0,8.7,8.3,9.2,24.3,20.2,110.0,20.9,174.0,27.0,-4.7,-4.7,-4.7,-4.7,-4.7,0.6,9.0,84.6,17.3,-4.7,-4.7,-4.7,-4.7,-4.7,-4.7,83.9,67.7,-4.7,63.5,43.6,50.9,17.3,1.6,27.6,3.0,75.0,3.6,-5.7,98.2,23.0,3.6,1.89,32.7,34.6,1.05,46.1,18.3,1.02,153.0,4.9,9.3,54.8,28.8,50.6,1.0
 Philippines,28.3,53.9,539.0,0.18,0.9,13.32,1.16,3.9,47.2,0.611,36.0,48.5,59.7,4394.0,6948.0,11.5,11.8,11.2,97.9,1.6,23.7,23.7,57.8,0.985,0.467,2.4,21.6,4779.0,412.3,37.0,106.0,83.0,28.0,19.9,5678.0,0.1,539.0,7.5,0.638,0.648,0.65,0.61,21.6,9.0,8.0,2623.0,5.4,47.7,76.6,62.1,67.8,71.1,64.6,0.735,0.648,127.0,8.7,8.4,8.3,21.3,40.3,152.0,27.5,270.0,35.8,-2.7,-2.7,-2.7,-2.7,-2.7,0.5,5.8,76.6,21.6,-2.7,-2.7,-2.7,-2.7,-2.7,-2.7,87.5,69.5,-2.7,59.7,65.1,62.7,51.3,3.0,86.3,11.4,45.7,7.5,-2.1,67.6,35.0,7.5,13.32,31.4,67.2,1.06,45.8,15.4,1.2,539.0,3.8,9.3,44.9,36.3,62.4,1.16
 Poland,6.4,15.5,25.0,0.46,7.9,2.11,1.03,5.8,38.4,0.804,17.4,53.4,45.3,12543.0,21550.0,15.0,15.6,14.4,70.3,3.6,30.0,30.0,96.0,0.9940000000000001,0.16399999999999998,5.4,19.9,17194.0,656.2,54.0,95.0,100.0,64.0,18.9,16904.0,0.4,25.0,1.4,0.7979999999999999,0.8029999999999999,0.8079999999999999,0.775,19.9,1.0,2.0,15200.0,38.8,47.8,63.0,55.1,75.1,79.3,70.9,0.848,0.8029999999999999,6.0,11.6,10.9,11.3,36.6,76.0,79.0,6.5,205.0,7.5,-1.0,-1.0,-1.0,-1.0,-1.0,2.3,18.6,63.0,19.9,-1.0,-1.0,-1.0,-1.0,-1.0,-1.0,97.9,90.7,-1.0,77.9,71.1,78.6,27.0,5.0,38.4,1.8,61.5,1.4,-6.4,99.3,12.0,1.4,2.11,7.2,100.0,1.06,44.9,19.1,1.15,25.0,17.8,36.6,21.9,28.8,23.6,1.03
 Portugal,1.3,20.2,36.0,0.23,6.2,0.2,1.17,9.4,142.0,0.677,12.1,57.6,57.3,21097.0,31611.0,15.3,15.8,14.9,62.6,2.2,36.0,36.0,84.1,0.9940000000000001,0.183,5.1,23.7,26593.0,279.3,80.0,117.0,97.0,55.0,23.1,26182.0,0.4,36.0,1.3,0.797,0.8009999999999999,0.8,0.841,23.7,6.0,7.0,5769.0,35.0,55.3,69.3,62.0,78.5,81.8,75.1,0.899,0.8009999999999999,12.0,7.5,7.4,7.6,39.5,108.3,58.0,3.7,140.0,4.7,3.4,3.4,3.4,3.4,3.4,2.3,25.6,69.3,23.7,3.4,3.4,3.4,3.4,3.4,3.4,99.1,98.1,3.4,35.3,32.6,34.4,7.1,1.8,10.6,0.6,57.5,1.3,-0.7,98.2,11.0,1.3,0.2,18.1,100.0,1.06,45.5,21.3,1.28,36.0,7.6,16.2,20.0,28.8,22.9,1.17
 Qatar,8.3,19.0,43.0,0.54,58.9,1.6949999999999998,1.64,2.6,42.7,0.657,3.1,56.5,79.0,36524.0,129392.0,13.1,13.5,13.0,94.7,5.6,0.0,0.0,100.0,0.973,0.428,4.0,34.3,109802.0,95.0,39.0,105.0,99.0,17.0,21.7,99277.0,0.1,43.0,0.7,0.809,0.831,0.831,1.0,34.3,1.0,1.0,913.0,24.7,45.1,94.0,80.2,76.8,78.4,75.7,0.873,0.831,21.0,8.8,9.5,8.4,31.0,82.9,56.0,8.9,72.0,10.4,58.7,58.7,58.7,58.7,58.7,2.3,1.6,94.0,34.3,58.7,58.7,58.7,58.7,58.7,58.7,100.0,99.4,58.7,55.2,62.1,55.8,0.7,0.0,0.9,0.1,97.4,0.7,-2.2,100.0,11.0,0.7,1.6949999999999998,0.0,100.0,1.05,15.8,13.9,5.56,43.0,1.6,9.7,0.3,0.0,28.2,1.64
 Romania,-3.8,37.2,140.0,0.31,4.5,0.95,0.94,5.5,20.6,0.716,32.3,37.3,49.7,11375.0,17142.0,13.7,14.0,13.3,75.9,6.5,27.8,27.8,83.9,0.978,0.35600000000000004,3.5,23.9,14583.0,310.9,73.0,108.0,84.0,45.0,24.3,14186.0,0.1,140.0,2.1,0.747,0.764,0.755,0.748,23.9,1.0,3.0,5839.0,21.5,46.3,61.2,53.5,72.3,76.0,68.7,0.804,0.764,33.0,10.1,9.5,10.7,37.0,62.3,98.0,15.1,227.0,17.9,-4.3,-4.3,-4.3,-4.3,-4.3,2.3,22.1,61.2,23.9,-4.3,-4.3,-4.3,-4.3,-4.3,-4.3,100.0,85.19999999999999,-4.3,83.9,78.8,87.8,14.8,3.3,21.4,1.1,53.2,2.1,-7.2,98.1,17.0,2.1,0.95,18.5,100.0,1.06,44.7,10.7,0.82,140.0,7.2,20.2,33.7,28.8,23.1,0.94
 Russian Federation,8.7,27.6,87.0,0.58,11.3,0.45,0.96,5.1,20.8,0.762,10.2,60.0,57.2,14905.0,23479.0,13.8,14.3,13.2,56.7,2.0,49.4,49.4,90.7,1.04,0.359,3.8,20.1,19326.0,2773.6,69.0,95.0,83.0,73.0,17.8,18895.0,0.4,87.0,24.8,0.767,0.737,0.752,0.792,20.1,1.0,1.0,22201.0,15.2,55.9,68.3,61.6,65.8,72.6,59.5,0.7040000000000001,0.737,42.0,11.4,11.2,11.6,37.3,83.6,173.0,12.0,465.0,13.9,2.4,2.4,2.4,2.4,2.4,2.3,19.5,68.3,20.1,2.4,2.4,2.4,2.4,2.4,2.4,95.6,85.5,2.4,92.0,93.6,94.6,102.0,19.8,143.6,6.9,73.5,24.8,1.8,99.4,17.0,24.8,0.45,3.6,100.0,1.06,50.8,8.0,0.86,87.0,7.2,16.1,6.2,2.1,21.4,0.96
 Rwanda,8.3,46.6,101.0,0.06,0.1,0.34,1.22,7.5,7.6,0.354,85.6,11.0,84.6,890.0,1183.0,9.4,9.2,8.9,36.6,0.4,15.6,15.6,73.95,0.922,0.48700000000000004,4.4,15.8,1044.0,9.4,57.0,138.0,16.0,3.0,15.8,1033.0,4.0,101.0,3.6,0.38799999999999996,0.42,0.408,0.353,15.8,5.0,11.0,1116.0,0.6,85.2,86.8,86.0,55.4,56.6,54.2,0.545,0.42,567.0,2.8,2.5,3.2,18.3,2.5,323.0,71.9,358.0,114.6,-1.7,-1.7,-1.7,-1.7,-1.7,22.4,4.9,86.8,15.8,-1.7,-1.7,-1.7,-1.7,-1.7,-1.7,50.2,51.0,-1.7,6.7,6.3,9.3,5.0,0.2,9.0,1.5,16.9,3.6,-2.2,38.6,69.0,3.6,0.34,89.2,1.3,1.01,28.8,45.3,1.43,101.0,1.7,2.2,84.9,86.3,75.1,1.22
 Saint Lucia,4.8,54.6,9.8,0.2,2.2,2.85,1.1,5.6,77.7,0.594,13.8,65.9,53.8,8035.0,13741.0,12.4,13.0,11.8,76.6,8.2,34.3,34.3,0.0,0.987,0.428,5.1,22.4,11329.0,1.9,72.0,103.0,78.0,13.0,21.7,10827.0,0.4,9.8,25.0,0.691,0.7,0.7,0.708,22.4,1.0,6.0,318.0,21.6,57.3,75.6,66.2,73.0,75.3,70.8,0.816,0.7,67.0,7.5,7.5,7.1,26.2,64.5,131.0,14.6,187.0,16.9,-0.3,-0.3,-0.3,-0.3,-0.3,1.2,11.3,75.6,22.4,-0.3,-0.3,-0.3,-0.3,-0.3,-0.3,90.8,81.3,-0.3,55.2,51.7,55.8,0.1,0.0,0.2,0.0,23.1,25.0,-10.8,100.0,22.0,25.0,2.85,2.5,90.7,1.03,45.5,20.7,1.31,9.8,18.7,36.0,29.8,28.8,42.7,1.1
 Saudi Arabia,28.5,21.3,17.0,0.36,16.6,0.03,1.22,3.4,28.8,0.604,4.0,75.9,47.4,13936.0,71184.0,12.7,12.7,12.6,82.0,3.7,0.5,0.5,100.0,0.88,0.6709999999999999,5.4,20.2,45538.0,1088.6,11.0,95.0,87.0,29.0,19.3,45798.0,0.1,17.0,1.2,0.7040000000000001,0.8,0.77,0.9259999999999999,20.2,3.0,3.0,8037.0,12.7,17.7,74.0,50.5,73.1,74.7,71.7,0.8170000000000001,0.8,18.0,7.6,6.8,8.0,23.7,59.3,90.0,15.6,113.0,18.2,6.5,6.5,6.5,6.5,6.5,0.0,4.7,74.0,20.2,6.5,6.5,6.5,6.5,6.5,6.5,97.8,98.9,6.5,48.8,44.9,54.5,15.1,0.7,23.9,2.7,81.0,1.2,-3.9,96.0,11.0,1.2,0.03,0.0,100.0,1.03,13.4,0.1,4.07,17.0,6.1,30.9,4.9,0.3,53.6,1.22
 Senegal,8.3,100.8,141.0,0.24,0.5,9.06,1.22,4.6,20.8,0.263,40.6,42.0,46.7,1166.0,3037.0,6.6,6.2,7.0,69.4,1.9,45.0,45.0,55.2,0.81,0.628,5.1,24.5,2108.0,23.7,8.0,79.0,22.0,5.0,23.3,2084.0,0.8,141.0,9.3,0.36,0.444,0.42200000000000004,0.45899999999999996,24.5,3.0,26.0,769.0,4.8,34.2,69.8,51.2,60.5,62.0,59.0,0.624,0.444,427.0,2.4,1.0,2.1,17.8,15.4,210.0,54.8,266.0,95.5,-2.9,-2.9,-2.9,-2.9,-2.9,8.1,6.0,69.8,24.5,-2.9,-2.9,-2.9,-2.9,-2.9,-2.9,66.2,41.7,-2.9,7.5,4.1,10.1,6.0,0.4,11.3,1.9,41.7,9.3,-0.6,51.9,42.0,9.3,9.06,41.2,15.8,1.04,32.7,19.2,1.67,141.0,9.0,13.2,46.6,65.2,82.1,1.22
 Serbia,8.3,25.6,40.0,0.23,2.3,1.6949999999999998,1.06,8.7,28.0,0.713,23.3,49.1,43.2,7604.0,14085.0,13.4,13.8,13.0,74.3,6.0,28.3,28.3,89.6,0.9520000000000001,0.428,4.4,24.8,10901.0,81.1,56.0,103.0,89.0,44.0,20.1,10772.0,0.1,40.0,1.6,0.718,0.755,0.742,0.7070000000000001,24.8,1.0,4.0,453.0,26.3,45.4,64.5,54.6,72.8,75.7,69.9,0.812,0.755,15.0,10.2,9.2,10.5,37.3,73.7,95.0,7.7,178.0,8.9,-5.9,-5.9,-5.9,-5.9,-5.9,4.1,21.8,64.5,24.8,-5.9,-5.9,-5.9,-5.9,-5.9,-5.9,91.3,96.6,-5.9,72.7,62.7,75.4,6.2,1.3,9.2,0.5,53.9,1.6,-2.2,99.7,22.0,1.6,1.6949999999999998,16.4,99.6,1.05,40.2,13.9,1.51,40.0,20.9,46.3,24.5,1.7,27.9,1.06
 Sierra Leone,-9.4,157.4,316.0,0.09,0.1,0.15,0.71,9.8,18.3,0.311,65.9,28.0,62.7,886.0,1193.0,8.0,7.1,8.9,46.9,5.5,39.1,39.1,73.95,0.818,0.67,2.8,11.3,1062.0,6.0,57.0,101.0,85.0,26.0,11.3,1037.0,1.5,316.0,1.8,0.307,0.375,0.342,0.353,11.3,20.0,29.0,40.0,0.2,64.4,65.7,65.0,43.6,44.7,42.5,0.363,0.375,1990.0,2.7,1.8,3.6,17.6,40.3,460.0,128.0,483.0,203.5,19.6,19.6,19.6,19.6,19.6,21.1,4.4,65.7,11.3,19.6,19.6,19.6,19.6,19.6,19.6,44.5,11.5,19.6,12.7,7.3,18.4,3.0,0.1,5.7,1.0,36.9,1.8,-5.5,40.0,22.0,1.8,0.15,87.3,1.5,1.02,51.4,14.5,0.51,316.0,3.6,5.6,89.2,83.0,83.4,0.71
 Singapore,32.8,7.5,35.0,0.12,7.1,1.6949999999999998,1.51,3.0,61.2,0.735,0.9,77.3,60.6,38829.0,76870.0,13.9,13.8,13.9,422.6,14.2,23.7,23.7,98.2,0.948,0.168,3.2,21.4,61974.0,264.4,57.0,101.0,85.0,26.0,23.1,57709.0,0.4,35.0,0.5,0.8420000000000001,0.887,0.868,0.96,21.4,4.0,4.0,7079.0,61.0,52.4,76.3,64.2,80.2,82.8,77.7,0.927,0.887,16.0,10.5,9.9,11.1,35.9,97.6,49.0,2.3,86.0,3.0,20.7,20.7,20.7,20.7,20.7,2.3,11.3,76.3,21.4,20.7,20.7,20.7,20.7,20.7,20.7,100.0,100.0,20.7,70.8,66.6,75.2,3.3,0.4,4.5,0.3,100.0,0.5,-3.6,99.7,22.0,0.5,1.6949999999999998,0.5,94.80000000000001,1.07,41.4,16.0,1.15,35.0,5.6,10.7,10.2,0.8,26.4,1.51
 Slovakia,3.6,20.7,15.0,0.37,7.3,1.93,0.97,6.6,42.7,0.753,4.8,56.4,49.9,14552.0,24619.0,14.2,14.5,13.9,148.7,6.3,40.2,40.2,72.1,0.988,0.18899999999999997,3.8,29.7,20021.0,107.6,97.0,98.0,93.0,40.0,27.3,19433.0,0.1,15.0,1.7,0.789,0.799,0.794,0.7959999999999999,29.7,1.0,2.0,1515.0,55.2,51.3,68.6,59.6,74.3,78.2,70.3,0.835,0.799,7.0,10.8,10.8,11.0,35.4,84.1,78.0,6.8,202.0,8.2,0.0,0.0,0.0,0.0,0.0,2.3,16.3,68.6,29.7,0.0,0.0,0.0,0.0,0.0,0.0,98.0,98.9,0.0,91.2,97.9,97.7,3.9,0.6,5.4,0.3,55.6,1.7,2.0,99.5,18.0,1.7,1.93,6.3,100.0,1.05,45.3,16.7,1.11,15.0,16.3,30.1,9.5,28.8,23.5,0.97
 Slovenia,12.6,5.9,15.0,0.29,7.9,0.72,1.1,8.0,64.4,0.8540000000000001,9.1,53.8,55.4,23729.0,30007.0,16.7,17.3,16.0,119.8,2.7,61.7,61.7,68.6,1.006,0.139,5.6,28.4,26955.0,53.9,78.0,100.0,97.0,79.0,26.6,26793.0,0.1,15.0,1.0,0.863,0.858,0.861,0.845,28.4,2.0,6.0,1555.0,46.8,52.9,66.0,59.2,77.6,81.2,73.8,0.8859999999999999,0.858,11.0,11.7,11.4,12.0,40.0,88.1,64.0,3.4,140.0,4.2,1.5,1.5,1.5,1.5,1.5,2.3,22.0,66.0,28.4,1.5,1.5,1.5,1.5,1.5,1.5,99.6,99.1,1.5,94.1,93.1,95.6,1.4,0.3,2.0,0.1,51.5,1.0,5.7,99.9,15.0,1.0,0.72,14.6,100.0,1.05,45.8,10.8,1.16,15.0,6.5,16.0,11.9,28.8,19.9,1.1
 South Africa,1.7,69.4,932.0,0.79,8.5,0.24,1.13,6.7,178.2,0.655,7.5,66.8,40.8,7739.0,13548.0,12.9,13.3,12.5,53.1,2.5,7.6,7.6,87.2,0.961,0.426,5.1,18.3,10783.0,526.4,43.0,103.0,90.0,26.0,17.2,10590.0,17.3,932.0,38.0,0.6,0.625,0.614,0.7040000000000001,18.3,17.0,38.0,7369.0,7.5,45.9,61.8,53.6,52.6,55.1,50.1,0.501,0.625,112.0,8.9,8.6,9.2,23.8,69.6,454.0,48.9,563.0,74.3,2.5,2.5,2.5,2.5,2.5,0.3,6.8,61.8,18.3,2.5,2.5,2.5,2.5,2.5,2.5,79.7,64.3,2.5,64.3,62.6,67.3,31.2,2.1,48.8,5.3,59.5,38.0,-4.0,98.2,31.0,38.0,0.24,16.2,70.7,1.03,42.1,32.8,1.41,932.0,23.8,48.3,12.1,25.1,49.5,1.13
 Spain,11.0,10.3,19.0,0.25,8.1,0.1,1.17,7.7,155.6,0.738,5.3,65.1,51.6,22534.0,42582.0,15.9,16.3,15.4,54.3,2.3,34.6,34.6,83.5,0.9740000000000001,0.11699999999999999,4.1,30.0,32902.0,1436.3,57.0,103.0,117.0,67.0,29.9,32422.0,0.4,19.0,1.2,0.83,0.852,0.8440000000000001,0.873,30.0,2.0,3.0,55914.0,47.9,46.1,68.0,56.8,80.5,83.8,77.3,0.9309999999999999,0.852,5.0,8.9,8.6,9.3,39.1,96.9,44.0,3.8,107.0,4.7,13.4,13.4,13.4,13.4,13.4,2.3,24.2,68.0,30.0,13.4,13.4,13.4,13.4,13.4,13.4,100.0,99.9,13.4,62.0,58.4,65.8,30.4,7.4,44.0,2.2,77.3,1.2,-3.1,98.2,14.0,1.2,0.1,7.3,100.0,1.06,40.9,30.5,1.69,19.0,9.2,19.7,12.9,28.8,20.7,1.17
 Sri Lanka,19.0,27.9,66.0,0.1,0.6,8.1,1.29,3.8,43.5,0.71,33.8,38.9,52.0,3689.0,9184.0,13.1,13.2,12.9,73.6,1.1,33.8,33.8,45.3,0.9279999999999999,0.439,4.4,26.8,6476.0,126.4,57.0,100.0,85.0,26.0,23.4,6398.0,0.1,66.0,6.2,0.688,0.741,0.718,0.628,26.8,1.0,1.0,549.0,1.8,36.9,76.7,56.3,73.9,77.7,70.4,0.8290000000000001,0.741,43.0,10.4,10.1,11.3,28.9,17.2,83.0,12.3,206.0,14.3,-4.7,-4.7,-4.7,-4.7,-4.7,4.8,10.1,76.7,26.8,-4.7,-4.7,-4.7,-4.7,-4.7,-4.7,82.4,88.6,-4.7,73.9,72.2,75.1,13.2,1.3,19.5,1.7,18.3,6.2,-1.2,98.2,22.0,6.2,8.1,60.1,74.2,1.05,30.2,4.9,2.11,66.0,7.7,27.0,37.6,21.5,37.9,1.29
 Sudan,8.3,120.0,117.0,0.1,0.3,2.65,1.11,4.1,13.5,0.27399999999999997,54.8,23.8,42.7,1007.0,3990.0,6.4,6.1,6.6,47.6,5.9,11.8,11.8,23.3,0.7859999999999999,0.6659999999999999,1.6,28.1,2713.0,105.9,22.0,63.0,39.0,12.0,23.1,2503.0,0.2,117.0,3.6,0.373,0.475,0.436,0.486,28.1,12.0,31.0,246.0,1.3,24.5,74.0,49.1,60.4,62.3,58.6,0.622,0.475,440.0,2.9,2.3,3.6,18.1,5.9,231.0,58.1,298.0,88.8,-3.8,-3.8,-3.8,-3.8,-3.8,7.4,5.8,74.0,28.1,-3.8,-3.8,-3.8,-3.8,-3.8,-3.8,44.9,22.2,-3.8,14.4,11.0,17.8,16.5,1.0,30.9,5.2,32.8,3.6,-6.1,98.2,29.0,3.6,2.65,72.4,16.8,1.04,27.7,13.6,1.79,117.0,13.0,27.2,45.4,42.7,81.3,1.11
 Suriname,-12.5,56.3,29.0,0.26,3.2,0.22,1.51,7.7,27.5,0.5720000000000001,7.0,68.8,47.1,7287.0,16149.0,11.4,12.2,10.8,75.6,1.6,98.5,98.5,82.2,0.966,0.489,4.4,24.9,12168.0,6.1,81.0,106.0,69.0,26.0,24.9,11750.0,1.3,29.0,13.8,0.664,0.687,0.6759999999999999,0.72,24.9,7.0,9.0,161.0,6.4,38.9,65.5,52.2,68.8,72.4,65.5,0.75,0.687,223.0,7.7,7.5,8.2,25.9,46.7,143.0,25.0,252.0,28.3,-3.8,-3.8,-3.8,-3.8,-3.8,2.6,9.4,65.5,24.9,-3.8,-3.8,-3.8,-3.8,-3.8,-3.8,91.3,80.3,-3.8,45.9,45.9,48.1,0.3,0.0,0.5,0.1,66.7,13.8,-1.4,98.2,19.0,13.8,0.22,22.1,86.8,1.08,35.8,25.5,2.72,29.0,9.8,23.4,15.3,16.6,48.8,1.51
 Sweden,19.4,6.4,6.9,0.14,5.7,0.47,0.99,8.3,117.1,0.853,2.0,75.9,58.8,33538.0,50305.0,15.9,16.7,15.2,84.6,5.3,68.8,68.8,33.8,0.996,0.052000000000000005,6.6,22.0,41227.0,372.3,94.0,96.0,104.0,82.0,22.1,41853.0,0.1,6.9,0.9,0.895,0.899,0.899,0.912,22.0,1.0,4.0,4883.0,84.8,59.6,68.0,63.7,80.6,82.7,78.4,0.932,0.899,5.0,12.4,12.6,12.1,40.3,100.7,51.0,3.0,80.0,3.6,3.2,3.2,3.2,3.2,3.2,2.3,26.5,68.0,22.0,3.2,3.2,3.2,3.2,3.2,3.2,100.0,99.3,3.2,88.0,88.7,87.4,5.9,1.6,9.0,0.5,84.3,0.9,4.3,98.2,10.0,0.9,0.47,40.0,100.0,1.06,48.0,45.3,0.97,6.9,7.7,21.6,6.9,28.8,26.7,0.99
 Switzerland,19.4,5.3,8.0,0.1,5.6,0.42,1.03,10.3,161.3,0.823,3.9,73.6,64.0,43210.0,71370.0,15.2,14.9,15.5,100.3,0.7,30.8,30.8,55.5,0.985,0.073,5.2,24.0,52770.0,392.5,98.0,102.0,95.0,46.0,24.4,56993.0,0.4,8.0,1.0,0.9,0.914,0.905,0.9590000000000001,24.0,5.0,13.0,7229.0,70.1,59.5,75.0,67.0,81.2,83.6,78.5,0.941,0.914,7.0,12.0,12.9,11.7,40.1,92.2,46.0,4.3,84.0,5.1,5.1,5.1,5.1,5.1,5.1,2.3,23.3,75.0,24.0,5.1,5.1,5.1,5.1,5.1,5.1,100.0,99.9,5.1,71.0,81.5,75.3,5.0,1.2,7.4,0.4,73.5,1.0,24.2,98.2,22.0,1.0,0.42,19.3,100.0,1.05,45.9,24.8,1.31,8.0,4.4,8.8,9.7,28.8,24.0,1.03
 Syrian Arab Republic,8.3,55.6,29.0,0.23,2.8,2.85,1.44,4.1,35.3,0.509,21.2,52.2,42.1,1474.0,9128.0,11.4,11.1,11.6,82.0,1.7,2.5,2.5,98.5,0.8029999999999999,0.542,4.4,18.4,9138.0,64.6,10.0,120.0,70.0,18.0,23.0,5379.0,0.4,29.0,2.4,0.545,0.6779999999999999,0.635,0.602,18.4,12.0,19.0,3571.0,5.6,16.2,76.2,46.6,74.4,76.8,72.3,0.8370000000000001,0.6779999999999999,58.0,5.8,5.0,6.6,19.7,16.1,82.0,16.3,151.0,19.0,-4.4,-4.4,-4.4,-4.4,-4.4,0.3,5.9,76.2,18.4,-4.4,-4.4,-4.4,-4.4,-4.4,-4.4,95.7,93.0,-4.4,28.8,27.1,32.6,10.5,0.6,18.3,2.5,53.8,2.4,-1.7,98.2,22.0,2.4,2.85,2.1,83.3,1.05,11.9,12.0,4.13,29.0,9.9,20.4,35.4,30.4,68.0,1.44
 Tajikistan,-18.4,39.7,196.0,0.21,0.4,20.18,1.03,5.2,13.0,0.649,56.7,27.1,51.8,1253.0,2404.0,10.7,9.7,11.7,79.8,2.4,2.9,2.9,36.7,0.888,0.353,3.5,11.6,1707.0,11.7,9.0,99.0,81.0,21.0,11.1,1832.0,0.2,196.0,2.3,0.555,0.625,0.593,0.439,11.6,8.0,15.0,1116.0,0.3,47.3,69.5,58.4,67.6,70.8,64.9,0.732,0.625,46.0,10.5,10.0,11.1,19.8,3.9,127.0,53.8,189.0,64.7,-2.5,-2.5,-2.5,-2.5,-2.5,11.3,6.6,69.5,11.6,-2.5,-2.5,-2.5,-2.5,-2.5,-2.5,63.2,91.9,-2.5,94.6,92.7,96.8,4.0,0.3,6.9,0.9,26.5,2.3,-2.4,82.4,21.0,2.3,20.18,63.7,99.1,1.07,23.2,19.6,1.06,196.0,11.2,20.5,47.3,39.5,65.7,1.03
 Tanzania (United Republic of),7.7,132.0,510.0,0.08,0.1,0.11,1.2,5.5,9.7,0.37,74.7,20.5,79.4,1521.0,2051.0,7.6,7.4,7.8,39.1,5.5,56.4,56.4,10.1,0.9009999999999999,0.593,4.6,21.5,1820.0,69.7,26.0,102.0,85.0,1.0,25.2,1783.0,7.0,510.0,3.6,0.423,0.469,0.44799999999999995,0.435,21.5,5.0,9.0,590.0,1.1,81.8,84.4,83.1,56.2,57.6,54.8,0.557,0.469,687.0,4.8,4.0,5.4,17.2,7.5,369.0,59.5,421.0,93.7,-1.6,-1.6,-1.6,-1.6,-1.6,9.0,5.7,84.4,21.5,-1.6,-1.6,-1.6,-1.6,-1.6,-1.6,37.6,11.8,-1.6,6.6,5.5,9.7,20.4,1.2,39.4,7.1,24.8,3.6,-5.5,98.2,56.0,3.6,0.11,91.0,3.7,1.03,42.9,30.4,1.97,510.0,4.4,8.4,87.5,80.8,87.4,1.2
 Thailand,12.1,41.9,224.0,0.33,3.8,0.63,0.98,3.4,111.0,0.585,42.6,37.1,72.4,8441.0,13657.0,12.7,12.8,12.6,137.9,4.3,31.5,31.5,81.8,0.971,0.348,3.9,30.4,11525.0,754.1,57.0,102.0,74.0,45.0,27.7,11006.0,1.5,224.0,7.3,0.679,0.6990000000000001,0.693,0.71,30.4,1.0,4.0,11567.0,15.0,65.7,81.5,73.4,72.1,75.7,68.8,0.802,0.6990000000000001,26.0,7.0,6.4,7.0,32.7,46.6,124.0,15.6,234.0,18.2,1.2,1.2,1.2,1.2,1.2,-0.1,10.9,81.5,30.4,1.2,1.2,1.2,1.2,1.2,1.2,95.8,95.0,1.2,32.4,29.4,36.0,46.4,5.1,65.4,4.2,37.4,7.3,-7.5,98.2,22.0,7.3,0.63,20.3,88.0,1.06,47.6,10.6,0.8,224.0,1.4,4.9,53.1,5.6,30.0,0.98
 The former Yugoslav Republic of Macedonia,-2.9,23.7,36.0,0.58,5.5,3.62,1.01,8.4,18.6,0.608,19.5,48.1,33.2,6150.0,12283.0,12.1,11.9,11.7,85.8,2.3,38.3,38.3,84.6,0.795,0.428,4.4,19.8,9386.0,19.3,32.0,94.0,82.0,29.0,19.2,9216.0,0.1,36.0,2.1,0.5720000000000001,0.7190000000000001,0.7020000000000001,0.6829999999999999,19.8,1.0,4.0,197.0,26.4,42.0,63.8,52.8,74.0,76.4,71.7,0.831,0.7190000000000001,10.0,8.2,1.0,8.7,34.0,54.9,80.0,12.1,152.0,13.7,-1.4,-1.4,-1.4,-1.4,-1.4,3.7,16.0,63.8,19.8,-1.4,-1.4,-1.4,-1.4,-1.4,-1.4,97.4,90.0,-1.4,55.2,51.7,55.8,1.4,0.2,2.1,0.1,57.5,2.1,-5.3,99.1,19.0,2.1,3.62,19.0,99.4,1.05,39.6,19.2,1.01,36.0,37.3,64.7,25.9,4.0,29.4,1.01
 Togo,-6.4,93.6,71.0,0.2,0.2,9.1,0.79,4.2,18.1,0.425,42.5,39.6,79.1,979.0,1295.0,10.2,8.6,11.9,98.7,4.5,7.1,7.1,13.8,0.795,0.633,3.4,16.3,1180.0,6.7,57.0,113.0,45.0,26.0,15.8,1136.0,4.0,71.0,10.7,0.384,0.483,0.436,0.36700000000000005,16.3,9.0,30.0,81.0,1.8,80.5,80.7,80.6,54.6,55.3,53.8,0.532,0.483,427.0,4.2,2.6,5.7,18.3,7.6,313.0,66.7,348.0,103.9,-0.4,-0.4,-0.4,-0.4,-0.4,4.0,5.0,80.7,16.3,-0.4,-0.4,-0.4,-0.4,-0.4,-0.4,51.2,11.9,-0.4,25.0,13.7,37.0,3.1,0.2,5.7,1.0,35.2,10.7,-4.5,98.2,34.0,10.7,9.1,77.2,9.6,1.02,54.6,7.4,0.73,71.0,1.9,2.7,82.0,75.2,78.0,0.79
 Tonga,5.9,21.3,20.0,0.23,1.1,26.18,1.03,4.6,48.3,0.7120000000000001,31.9,37.7,58.3,3023.0,6868.0,14.6,14.9,14.3,74.6,2.7,12.5,12.5,0.0,0.938,0.488,4.4,22.4,4947.0,0.5,57.0,112.0,85.0,26.0,22.1,4951.0,0.4,20.0,4.0,0.672,0.7170000000000001,0.693,0.589,22.4,6.0,8.0,42.0,4.9,45.5,75.2,60.1,71.5,74.1,68.9,0.792,0.7170000000000001,114.0,9.2,9.9,10.0,21.1,29.6,119.0,14.2,182.0,16.5,-16.3,-16.3,-16.3,-16.3,-16.3,12.2,10.8,75.2,22.4,-16.3,-16.3,-16.3,-16.3,-16.3,-16.3,98.6,89.2,-16.3,69.6,68.6,71.1,0.1,0.0,0.1,0.0,23.2,4.0,-2.7,96.1,20.0,4.0,26.18,2.2,86.2,1.05,54.2,3.4,0.93,20.0,3.0,7.3,55.4,28.8,68.4,1.03
 Trinidad and Tobago,27.5,38.4,15.0,1.11,29.4,0.58,1.29,4.9,23.1,0.6759999999999999,4.3,64.5,59.5,17566.0,32927.0,12.3,12.6,12.0,76.6,5.9,44.8,44.8,99.8,0.983,0.353,4.4,22.4,26429.0,34.3,88.0,99.0,85.0,26.0,21.7,25181.0,1.1,15.0,29.8,0.745,0.758,0.752,0.835,22.4,2.0,7.0,463.0,29.0,53.5,76.2,64.7,68.9,72.7,65.4,0.753,0.758,62.0,10.0,10.1,10.2,29.9,71.3,136.0,22.6,237.0,25.5,-2.1,-2.1,-2.1,-2.1,-2.1,-0.0,10.2,76.2,22.4,-2.1,-2.1,-2.1,-2.1,-2.1,-2.1,94.2,91.3,-2.1,56.4,56.6,56.2,0.9,0.1,1.3,0.1,55.0,29.8,-3.7,98.2,17.0,29.8,0.58,0.5,94.9,1.04,41.8,25.4,1.9,15.0,8.0,16.4,15.8,1.4,30.8,1.29
 Tunisia,7.2,6.1,26.0,0.26,2.2,4.32,0.97,5.4,63.5,0.586,20.8,37.0,40.0,3557.0,13366.0,14.2,14.5,13.9,90.3,2.2,5.9,5.9,86.3,0.868,0.33799999999999997,6.5,21.7,8803.0,88.9,57.0,112.0,85.0,32.0,21.3,8442.0,0.1,26.0,2.6,0.63,0.726,0.6890000000000001,0.67,21.7,2.0,4.0,6378.0,9.7,23.9,68.6,45.9,74.2,76.7,71.9,0.8340000000000001,0.726,74.0,5.8,4.6,6.9,27.2,56.2,77.0,19.6,132.0,23.0,-2.8,-2.8,-2.8,-2.8,-2.8,1.2,11.0,68.6,21.7,-2.8,-2.8,-2.8,-2.8,-2.8,-2.8,90.1,85.1,-2.8,33.9,26.1,41.9,6.8,0.7,10.1,0.8,65.2,2.6,-2.2,98.2,20.0,2.6,4.32,14.2,97.3,1.05,24.9,19.3,1.26,26.0,12.9,28.0,29.6,9.0,38.0,0.97
 Turkey,8.9,45.3,33.0,0.21,3.5,0.27,1.01,4.9,44.0,0.53,25.7,48.0,41.1,6638.0,25923.0,11.9,11.0,12.8,45.4,2.0,13.9,13.9,88.1,0.853,0.564,4.4,27.0,16310.0,1107.5,11.0,103.0,84.0,33.0,26.7,16129.0,0.4,33.0,4.9,0.627,0.735,0.69,0.768,27.0,8.0,9.0,20273.0,15.5,23.3,70.1,46.0,72.5,76.0,69.1,0.807,0.735,57.0,6.0,5.0,7.2,26.6,64.2,88.0,23.0,169.0,27.4,-0.1,-0.1,-0.1,-0.1,-0.1,0.1,10.3,70.1,27.0,-0.1,-0.1,-0.1,-0.1,-0.1,-0.1,96.7,87.0,-0.1,30.6,20.9,40.2,43.9,4.5,67.9,6.5,67.8,4.9,-4.5,98.2,22.0,4.9,0.27,15.3,94.7,1.05,18.8,4.4,1.05,33.0,10.6,19.9,38.8,6.4,44.2,1.01
 Uganda,2.6,172.5,233.0,0.06,0.1,3.57,1.12,11.3,8.6,0.445,75.3,19.0,69.1,946.0,1433.0,10.7,10.6,11.2,39.0,4.2,17.2,17.2,73.95,0.872,0.598,4.4,22.4,1223.0,34.9,57.0,120.0,85.0,26.0,22.2,1187.0,7.9,233.0,8.7,0.409,0.469,0.43700000000000006,0.374,22.4,10.0,32.0,468.0,1.7,65.0,76.1,70.4,52.6,54.4,50.8,0.502,0.469,504.0,4.4,3.5,5.6,15.1,4.6,403.0,74.4,481.0,120.3,-0.0,-0.0,-0.0,-0.0,-0.0,13.7,4.9,76.1,22.4,-0.0,-0.0,-0.0,-0.0,-0.0,-0.0,32.9,16.7,-0.0,17.4,15.1,20.1,13.6,0.7,28.5,5.7,17.0,8.7,-4.1,98.2,52.0,8.7,3.57,92.8,2.5,1.03,34.3,23.9,1.44,233.0,1.9,2.8,78.8,74.2,104.2,1.12
 Ukraine,6.8,29.3,127.0,0.98,7.1,2.79,0.98,6.1,33.2,0.7759999999999999,19.4,54.6,51.1,5289.0,9352.0,14.6,14.7,14.5,102.1,9.1,16.5,16.5,83.3,1.0,0.37200000000000005,6.1,22.6,7246.0,341.3,83.0,106.0,96.0,70.0,22.0,7173.0,0.8,127.0,6.5,0.7140000000000001,0.7140000000000001,0.715,0.645,22.6,1.0,4.0,17631.0,3.8,48.6,62.9,55.1,67.4,73.4,61.8,0.73,0.7140000000000001,30.0,11.2,11.0,11.3,39.1,64.0,150.0,12.5,404.0,14.5,-0.7,-0.7,-0.7,-0.7,-0.7,0.5,22.9,62.9,22.6,-0.7,-0.7,-0.7,-0.7,-0.7,-0.7,96.3,95.1,-0.7,91.7,89.4,94.7,32.6,7.5,46.9,2.0,67.8,6.5,-11.9,99.8,19.0,6.5,2.79,1.3,99.8,1.06,47.8,5.3,0.91,127.0,7.2,14.9,15.9,1.6,21.0,0.98
 United Arab Emirates,8.3,25.6,2.6,0.28,25.4,1.6949999999999998,1.21,2.3,42.7,0.6579999999999999,4.9,55.0,76.0,29440.0,120500.0,12.8,12.75,12.2,119.6,6.0,3.7,3.7,99.9,0.94,0.5920000000000001,4.4,20.2,91798.0,420.4,80.0,101.0,85.0,26.0,18.4,93415.0,0.4,2.6,1.2,0.672,0.715,0.825,1.0,20.2,3.0,8.0,7126.0,40.0,37.2,92.5,78.4,75.4,76.8,74.7,0.853,0.715,6.0,9.1,10.1,8.7,29.8,99.0,71.0,8.4,97.0,9.8,60.0,60.0,60.0,60.0,60.0,2.3,1.1,92.5,20.2,60.0,60.0,60.0,60.0,60.0,60.0,99.6,100.0,60.0,62.7,70.9,60.1,3.7,0.0,4.6,0.3,82.3,1.2,-2.2,100.0,15.0,1.2,1.6949999999999998,0.1,100.0,1.05,12.2,0.1,2.77,2.6,3.1,8.1,1.6,0.0,22.8,1.21
 United Kingdom,5.7,26.6,15.0,0.24,9.0,0.24,0.89,7.2,146.5,0.867,1.4,76.4,58.8,29327.0,46807.0,16.6,17.1,16.1,51.9,10.0,12.5,12.5,88.1,0.981,0.20600000000000002,5.0,17.2,37160.0,2244.5,71.0,106.0,105.0,59.0,17.0,37884.0,0.4,15.0,1.4,0.879,0.8959999999999999,0.8909999999999999,0.897,17.2,3.0,18.0,28039.0,70.0,54.7,69.2,61.8,79.0,81.2,76.8,0.9079999999999999,0.8959999999999999,12.0,12.2,12.0,12.0,38.7,108.6,62.0,5.1,97.0,6.0,3.2,3.2,3.2,3.2,3.2,2.3,24.3,69.2,17.2,3.2,3.2,3.2,3.2,3.2,3.2,100.0,99.1,3.2,73.3,88.8,83.4,39.8,9.7,60.3,3.5,79.9,1.4,-6.6,98.2,17.0,1.4,0.24,1.4,100.0,1.05,46.2,18.5,0.83,15.0,4.8,12.7,10.1,28.8,27.3,0.89
 United States,5.5,43.2,5.5,0.39,19.6,0.04,0.92,14.5,216.3,0.87,1.6,77.4,61.8,38455.0,62337.0,16.0,16.8,15.2,25.5,1.1,33.3,33.3,86.0,0.991,0.264,4.4,23.2,49762.0,14705.6,57.0,99.0,95.0,26.0,22.8,50240.0,0.4,5.5,5.7,0.893,0.9009999999999999,0.898,0.9390000000000001,23.2,2.0,8.0,49206.0,68.0,58.2,72.2,65.1,77.7,80.2,75.1,0.887,0.9009999999999999,13.0,12.8,12.8,12.7,36.1,69.0,81.0,6.8,142.0,8.0,3.6,3.6,3.6,3.6,3.6,2.3,18.4,72.2,23.2,3.6,3.6,3.6,3.6,3.6,3.6,99.1,100.0,3.6,93.7,93.9,93.5,197.2,36.3,295.1,20.3,79.9,5.7,-5.0,99.4,14.0,5.7,0.04,5.8,100.0,1.05,46.1,15.0,1.0,5.5,5.1,11.2,7.2,28.8,31.2,0.92
 Uruguay,9.5,63.5,22.0,0.13,1.7,0.44,1.16,8.6,38.4,0.688,5.7,71.5,55.2,8966.0,16544.0,15.2,16.2,14.3,58.9,4.8,8.7,8.7,63.3,1.003,0.374,2.7,17.7,12976.0,43.2,87.0,114.0,101.0,45.0,16.5,12624.0,0.6,22.0,5.7,0.754,0.752,0.7559999999999999,0.731,17.7,1.0,5.0,1808.0,20.1,52.5,74.4,62.9,75.8,79.3,72.1,0.858,0.752,26.0,8.0,8.2,7.8,32.6,34.7,83.0,12.5,152.0,14.4,-6.3,-6.3,-6.3,-6.3,-6.3,0.1,21.6,74.4,17.7,-6.3,-6.3,-6.3,-6.3,-6.3,-6.3,97.3,94.4,-6.3,47.1,52.4,49.8,2.1,0.5,3.3,0.3,93.3,5.7,-9.3,99.9,20.0,5.7,0.44,39.9,86.2,1.05,43.9,10.8,1.65,22.0,12.2,30.5,24.8,3.2,37.9,1.16
 Uzbekistan,8.3,18.3,120.0,1.46,4.5,1.6949999999999998,1.04,5.3,42.7,0.645,34.7,33.1,58.0,2148.0,3964.0,11.5,11.3,11.7,66.5,1.3,7.7,7.7,98.4,0.94,0.428,4.4,17.9,3069.0,80.3,27.0,97.0,89.0,10.0,17.9,3051.0,0.4,120.0,3.4,0.672,0.715,0.628,0.516,17.9,1.0,1.0,242.0,3.3,52.3,74.6,63.2,68.4,71.6,65.2,0.7440000000000001,0.715,42.0,9.8,7.5,7.9,22.8,2.7,131.0,42.1,228.0,49.3,-1.9,-1.9,-1.9,-1.9,-1.9,1.2,7.7,74.6,17.9,-1.9,-1.9,-1.9,-1.9,-1.9,-1.9,89.4,97.9,-1.9,55.2,51.7,55.8,16.6,1.3,26.5,2.6,48.5,3.4,-2.2,100.0,20.0,3.4,1.6949999999999998,1.9,99.6,1.06,39.0,16.4,0.96,120.0,8.3,15.6,31.5,65.1,52.1,1.04
 Venezuela (Bolivarian Republic of),29.7,92.1,32.0,0.41,6.2,0.1,1.16,4.0,12.6,0.591,9.8,69.3,57.6,9487.0,20127.0,12.4,13.2,12.0,60.1,1.7,54.1,54.1,87.0,0.9940000000000001,0.475,4.4,23.0,14948.0,400.4,57.0,103.0,73.0,26.0,20.3,14813.0,0.5,32.0,37.2,0.711,0.715,0.7140000000000001,0.755,23.0,2.0,24.0,706.0,12.6,49.7,80.6,65.0,73.1,77.5,69.1,0.8170000000000001,0.715,93.0,7.4,7.6,7.3,24.4,46.7,97.0,15.9,210.0,18.5,-0.1,-0.1,-0.1,-0.1,-0.1,0.0,7.7,80.6,23.0,-0.1,-0.1,-0.1,-0.1,-0.1,-0.1,96.6,90.3,-0.1,45.2,44.3,41.5,17.0,1.3,26.8,2.9,88.0,37.2,-1.6,99.9,22.0,37.2,0.1,13.5,87.0,1.05,41.1,17.4,1.24,32.0,11.4,22.8,33.3,16.8,50.0,1.16
 Viet Nam,18.7,27.9,176.0,0.34,1.2,5.47,1.06,5.0,65.4,0.528,54.6,26.5,75.1,3006.0,3701.0,11.3,11.1,11.5,130.7,3.4,42.2,42.2,60.5,0.985,0.317,4.4,33.8,3406.0,287.1,59.0,97.0,85.0,16.0,31.3,3348.0,0.4,176.0,1.2,0.611,0.62,0.616,0.53,33.8,2.0,5.0,3477.0,12.7,72.5,81.4,76.8,74.3,79.2,69.3,0.835,0.62,61.0,6.4,6.0,6.9,26.4,11.4,73.0,20.2,199.0,25.3,-1.6,-1.6,-1.6,-1.6,-1.6,3.4,9.9,81.4,33.8,-1.6,-1.6,-1.6,-1.6,-1.6,-1.6,82.2,62.0,-1.6,49.0,44.6,56.6,55.9,5.5,84.3,6.8,27.3,1.2,-4.8,96.1,22.0,1.2,5.47,44.4,95.2,1.07,46.2,27.3,1.19,176.0,2.3,5.2,69.7,54.2,41.0,1.06
 Yemen,-14.5,85.5,80.0,0.23,1.0,7.66,1.0,4.6,6.0,0.303,30.1,54.2,35.5,1005.0,6420.0,8.7,6.6,10.6,76.8,-1.8,1.0,1.0,98.7,0.6559999999999999,0.813,4.4,18.5,4155.0,85.5,1.0,88.0,45.0,10.0,18.5,3741.0,0.1,80.0,4.6,0.358,0.546,0.474,0.547,18.5,12.0,27.0,336.0,1.0,14.4,69.9,42.2,61.9,63.3,60.5,0.644,0.546,428.0,1.9,0.8,2.9,16.8,11.1,223.0,54.6,270.0,72.7,-1.2,-1.2,-1.2,-1.2,-1.2,2.0,5.3,69.9,18.5,-1.2,-1.2,-1.2,-1.2,-1.2,-1.2,49.8,46.1,-1.2,11.7,5.0,18.4,10.6,0.6,20.6,3.4,28.9,4.6,1.9,31.0,22.0,4.6,7.66,0.9,27.6,1.05,13.9,0.7,1.3,80.0,16.1,27.2,53.5,48.8,88.6,1.0
 Zimbabwe,8.3,106.7,588.0,0.5,0.8,1.6949999999999998,1.07,5.5,55.3,0.488,72.6,17.0,78.6,1313.0,1923.0,9.5,9.3,9.7,76.0,1.8,44.6,44.6,30.3,0.884,0.591,4.4,1.5,1662.0,21.5,57.0,101.0,85.0,26.0,2.0,1610.0,18.2,588.0,10.4,0.40700000000000003,0.46,0.43,0.42,1.5,20.0,33.0,1559.0,2.4,77.1,88.2,82.4,45.3,46.4,44.1,0.389,0.46,629.0,6.8,6.4,7.9,18.3,5.0,642.0,62.3,699.0,99.7,-5.6,-5.6,-5.6,-5.6,-5.6,6.8,5.6,88.2,1.5,-5.6,-5.6,-5.6,-5.6,-5.6,-5.6,69.6,41.0,-5.6,49.5,40.5,57.8,7.1,0.4,12.9,1.9,34.1,10.4,-2.2,98.2,22.0,10.4,1.6949999999999998,80.2,8.5,1.02,35.2,20.8,1.07,588.0,4.5,7.5,70.1,78.4,76.0,1.07
