,Adjusted net savings (% of GNI),"Adolescent birth rate (births per 1,000 women ages 15-19)",Birth registration (% under age 5),Carbon dioxide emissions (kg per 2011 PPP $ of GDP),Carbon dioxide emissions per capita (tonnes),Child labour (% ages 5-14),"Child malnutrition, stunting (moderate or severe) (% under age 5)",Coefficient of Human Inequality,Concentration index (exports) (value),Current health expenditure (% of GDP),Domestic credit provided by financial sector (% of GDP),Education Index,Employment in agriculture (% of total employment),Employment in services (% of total employment),Employment to population ratio (% ages 15 and older),"Estimated gross national income per capita, female (2011 PPP$)","Estimated gross national income per capita, male (2011 PPP$)",Expected years of schooling (years),"Expected years of schooling, female (years)","Expected years of schooling, male (years)",Exports and imports (% of GDP),"Foreign direct investment, net inflows (% of GDP)",Forest area (% of total land area),"Forest area, change (%)",Fossil fuel energy consumption (% of total energy consumption),Gender Development Index (GDI),Gender Inequality Index (GII),Gross capital formation (% of GDP),Gross domestic product (GDP) per capita (2011 PPP $),"Gross domestic product (GDP), total (2011 PPP $ billions)","Gross enrolment ratio, pre-primary (% of preschool-age children)","Gross enrolment ratio, primary (% of primary school-age population)","Gross enrolment ratio, secondary (% of secondary school-age population)","Gross enrolment ratio, tertiary (% of tertiary school-age population)",Gross fixed capital formation (% of GDP),Gross national income (GNI) per capita (2011 PPP$),"HIV prevalence, adult (% ages 15-49), total",Homeless people due to natural disaster (average annual per million people),"Homicide rate (per 100,000 people)","Human Development Index (HDI), female","Human Development Index (HDI), male",Human Development Index (HDI),Income Index,"Income inequality, Gini coefficient","Income inequality, Palma ratio","Income inequality, quintile ratio","Income quintile ratio, average annual change (%)",Inequality in education (%),Inequality in income (%),Inequality in life expectancy (%),Inequality-adjusted education index,Inequality-adjusted HDI (IHDI),Inequality-adjusted income index,Inequality-adjusted life expectancy index,"Infants lacking immunization, DTP (% of one-year-olds)","Infants lacking immunization, measles (% of one-year-olds)",International inbound tourists (thousands),"Internet users, total (% of population)","Labour force participation rate (% ages 15 and older), female","Labour force participation rate (% ages 15 and older), male",Labour force participation rate (% ages 15 and older),Life expectancy at birth (years),"Life expectancy at birth, female (years)","Life expectancy at birth, male (years)",Life expectancy Index,Mandatory paid maternity leave (days),"Maternal mortality ratio (deaths per 100,000 live births)",Mean years of schooling (years),"Mean years of schooling, female (years)","Mean years of schooling, male (years)",Mobile phone subscriptions (per 100 people),"Mortality rate, female adult (per 1,000 people)","Mortality rate, infant (per 1,000 live births)","Mortality rate, male adult (per 1,000 people)","Mortality rate, under-five (per 1,000 live births)",Old age dependency ratio (old age (65 and older) per 100 people (ages 15-64)),Old age pension recipients (% of statutory pension age population),Overall loss in HDI due to inequality (%),"Overall loss in HDI value due to inequality, average annual change (%)",Population with at least some secondary education (% ages 25 and older),"Population with at least some secondary education, female (% ages 25 and older)","Population with at least some secondary education, male (% ages 25 and older)","Population, ages 15–64 (millions)","Population, ages 65 and older (millions)","Population, total (millions)","Population, under age 5 (millions)","Population, urban (%)","Prison population (per 100,000 people)",Private capital flows (% of GDP),"Pupil-teacher ratio, primary school (number of pupils per teacher)",Refugees by country of origin (thousands),"Remittances, inflows (% of GDP)",Renewable energy consumption (% of total final energy consumption),Rural population with access to electricity (%),"Share of employment in nonagriculture, female (% of total employment in nonagriculture)",Share of seats in parliament (% held by women),Total unemployment rate (female to male ratio),"Tuberculosis incidence (per 100,000 people)","Unemployment, total (% of labour force)","Unemployment, youth (% ages 15–24)",Vulnerable employment (% of total employment),Women with account at financial institution or with mobile money-service provider (% of female population ages 15 and older),Working poor at PPP$3,Young age (0-14) dependency ratio (per 100 people ages 15-64),Youth unemployment rate (female to male ratio)
 Afghanistan,-22.9,80.6,189.0,0.16,0.3,1.21,1.07,30.0,0.293,9.7,-0.6,0.406,61.6,31.9,48.7,509.0,3120.0,10.4,7.7,12.0,52.3,0.2,2.1,2.1,,0.608,0.682,18.1,1839.0,60.2,,107.0,54.0,8.0,18.1,1854.0,0.1,189.0,,0.34600000000000003,0.569,0.491,0.441,30.0,30.0,30.0,18.1,44.8,10.8,34.3,0.22399999999999998,0.337,0.39299999999999996,0.434,27.0,40.0,,7.0,17.8,86.6,53.4,62.9,64.2,61.7,0.66,0.569,425.0,3.5,1.5,5.6,56.2,211.0,56.8,253.0,76.1,4.7,86.6,31.4,18.1,22.2,8.8,35.4,17.1,0.8,32.8,5.2,24.6,,0.5,,,1.21,19.3,87.8,10.9,27.6,1.71,189.0,8.7,17.9,65.3,3.8,98.5,86.7,1.07
 Albania,0.5,20.5,16.0,0.18,2.0,10.74,0.93,13.4,0.304,7.0,73.1,0.733,42.9,39.6,44.9,8311.0,13220.0,14.8,14.8,14.3,75.4,8.7,28.2,28.2,61.4,0.96,0.261,24.6,10701.0,30.9,84.0,108.0,96.0,70.0,24.2,10787.0,0.1,16.0,4.0,0.755,0.7859999999999999,0.773,0.7070000000000001,13.4,13.4,13.4,24.6,11.9,18.3,9.9,0.645,0.669,0.578,0.8029999999999999,1.0,2.0,3341.0,60.1,44.8,63.9,54.4,78.0,80.1,76.0,0.892,0.7859999999999999,29.0,9.7,9.5,10.1,115.0,52.0,12.9,81.0,14.4,17.6,63.9,13.4,24.6,91.2,90.2,91.5,2.0,0.4,2.9,0.2,56.4,4.0,-6.9,19.0,4.0,10.74,38.7,100.0,36.7,20.0,0.79,16.0,17.5,39.4,56.4,33.6,1.6,27.1,0.93
 Algeria,27.7,10.8,72.0,0.28,3.7,0.14,1.15,,0.485,6.5,18.0,0.6609999999999999,13.6,39.4,37.1,4052.0,22071.0,14.3,14.6,14.1,62.1,0.7,0.8,0.8,100.0,0.841,0.43700000000000006,45.6,13483.0,527.4,,118.0,,34.0,37.4,13150.0,0.1,72.0,1.5,0.6579999999999999,0.7829999999999999,0.747,0.737,,,,45.6,,,16.7,,,,0.713,1.0,5.0,2301.0,29.5,15.3,67.4,41.5,75.6,76.9,74.5,0.856,0.7829999999999999,141.0,7.9,6.1,8.4,110.7,86.0,22.0,109.0,25.6,8.7,67.4,,45.6,34.9,34.1,35.7,25.8,2.2,39.1,4.6,70.2,1.5,-0.7,24.0,1.5,0.14,0.1,98.4,17.8,25.7,1.88,72.0,10.6,25.8,27.0,40.1,10.0,42.9,1.15
 Argentina,7.9,63.5,25.0,0.25,4.7,0.1,1.17,14.6,0.18600000000000003,6.4,34.4,0.8079999999999999,0.6,75.3,55.7,12281.0,24847.0,17.3,18.4,16.1,28.4,1.0,10.0,10.0,88.5,0.996,0.365,17.3,18798.0,807.9,73.0,110.0,107.0,83.0,16.0,18429.0,0.4,25.0,7.5,0.813,0.816,0.82,0.7879999999999999,14.6,14.6,14.6,17.3,8.1,26.3,9.3,0.743,0.6970000000000001,0.581,0.785,2.0,5.0,5931.0,64.7,47.2,73.5,59.9,76.3,80.0,72.4,0.865,0.816,54.0,9.8,10.0,9.7,142.5,75.0,10.8,154.0,12.1,16.9,73.5,15.0,17.3,62.4,63.5,61.4,27.4,4.6,43.0,3.7,91.4,7.5,-0.2,,7.5,0.1,10.9,100.0,40.3,37.1,1.36,25.0,7.0,18.3,21.3,50.9,2.7,39.7,1.17
 Armenia,-1.1,25.7,57.0,0.24,1.9,17.9,1.2,10.1,0.22699999999999998,7.0,51.3,0.742,34.8,48.5,49.9,5727.0,11272.0,13.0,13.3,12.6,75.6,3.5,11.7,11.7,74.6,0.971,0.306,20.9,7971.0,23.2,50.0,,,47.0,20.0,8330.0,0.2,57.0,2.5,0.73,0.752,0.745,0.6679999999999999,10.1,10.1,10.1,20.9,3.7,13.9,12.7,0.715,0.669,0.575,0.7290000000000001,3.0,3.0,1204.0,54.6,52.0,70.8,60.5,74.3,77.3,70.9,0.835,0.752,26.0,11.5,11.5,11.3,119.0,76.0,13.2,178.0,14.7,15.6,70.8,10.2,20.9,98.3,98.5,98.1,2.0,0.3,2.9,0.2,63.1,2.5,-3.0,,2.5,17.9,7.7,100.0,41.8,10.7,1.23,57.0,17.5,36.9,43.3,14.7,10.7,28.4,1.2
 Australia,8.0,14.3,6.5,0.35,15.4,0.15,0.94,7.9,0.266,9.1,164.7,0.924,2.8,76.9,60.8,34113.0,50912.0,20.4,20.9,20.0,42.6,3.1,16.2,16.2,93.4,0.975,0.121,26.7,43547.0,1023.5,114.0,106.0,,,26.8,42490.0,0.1,6.5,1.0,0.92,0.9440000000000001,0.9329999999999999,0.914,7.9,7.9,7.9,26.7,1.9,17.7,4.2,0.9059999999999999,0.857,0.752,0.922,8.0,6.0,6884.0,84.0,58.7,71.0,64.8,82.6,84.6,80.5,0.9620000000000001,0.9440000000000001,6.0,12.7,12.8,12.6,106.8,45.0,3.4,76.0,4.0,22.1,71.0,8.2,26.7,91.5,91.4,91.5,15.6,3.4,23.5,1.5,85.6,1.0,-4.3,,1.0,0.15,9.3,100.0,46.1,30.1,1.03,6.5,6.1,13.3,10.9,99.0,,28.3,0.94
 Austria,12.6,8.1,7.5,0.15,6.9,0.73,0.97,7.6,0.061,10.3,125.4,0.8440000000000001,4.8,69.4,56.8,34658.0,54534.0,15.8,16.2,15.6,103.5,0.4,46.9,46.9,64.9,0.971,0.084,23.5,44321.0,378.8,101.0,101.0,99.0,79.0,22.6,44380.0,,7.5,0.5,0.888,0.914,0.9009999999999999,0.9209999999999999,7.6,7.6,7.6,23.5,3.5,15.5,3.7,0.815,0.8320000000000001,0.778,0.907,1.0,4.0,25291.0,81.0,54.6,66.1,60.2,81.3,83.7,78.7,0.9420000000000001,0.914,4.0,12.1,11.8,12.6,150.0,46.0,3.0,86.0,3.7,27.8,66.1,7.7,23.5,98.9,98.7,99.2,5.8,1.6,8.6,0.4,57.5,0.5,3.2,11.0,0.5,0.73,35.4,100.0,46.9,31.4,0.93,7.5,5.6,10.3,8.6,97.4,,21.1,0.97
 Azerbaijan,21.6,49.7,76.0,0.23,3.9,2.45,1.18,13.0,0.863,5.7,27.0,0.7090000000000001,36.8,48.9,61.9,11280.0,21735.0,12.7,12.6,12.7,69.5,5.9,13.5,13.5,98.4,0.955,0.32,25.7,16715.0,159.4,23.0,106.0,,23.0,25.8,16480.0,0.1,76.0,2.5,0.738,0.773,0.758,0.7709999999999999,13.0,13.0,13.0,25.7,8.3,8.9,21.7,0.65,0.6579999999999999,0.7020000000000001,0.624,4.0,2.0,2160.0,75.0,61.9,68.4,65.1,71.8,74.8,68.8,0.797,0.773,26.0,10.7,10.5,11.0,111.0,86.0,29.1,175.0,33.2,8.0,68.4,13.2,25.7,95.6,93.8,97.5,6.8,0.5,9.5,0.8,54.4,2.5,-5.0,13.0,2.5,2.45,2.1,100.0,43.9,15.6,1.48,76.0,4.9,13.4,57.0,25.9,1.2,31.9,1.18
 Bahrain,8.0,13.8,16.0,0.54,23.4,,2.0,,0.39,4.6,76.2,0.685,1.0,64.1,70.7,16708.0,49008.0,13.7,15.1,13.0,175.6,4.5,0.8,0.8,100.0,0.945,0.21600000000000003,26.8,43837.0,58.6,57.0,100.0,99.0,41.0,25.6,36607.0,0.1,16.0,0.5,0.777,0.8220000000000001,0.81,0.892,,,,26.8,,,6.3,,,,0.816,2.0,1.0,10452.0,90.5,43.6,87.1,71.6,76.6,77.7,75.8,0.871,0.8220000000000001,15.0,9.1,8.9,9.1,174.3,60.0,6.7,75.0,7.8,3.0,87.1,,26.8,57.9,61.6,55.6,1.0,0.0,1.3,0.1,88.9,0.5,3.6,12.0,0.5,,0.0,100.0,21.3,17.5,7.8,16.0,1.2,5.4,1.9,66.7,,26.8,2.0
 Bangladesh,26.1,86.8,221.0,0.15,0.5,8.67,1.01,29.0,0.40299999999999997,2.7,60.0,0.47700000000000004,44.5,35.3,54.1,1694.0,4618.0,10.9,11.2,10.7,44.5,1.5,11.0,11.0,73.8,0.8759999999999999,0.5529999999999999,28.6,2973.0,473.9,,,,13.0,28.6,3170.0,0.1,221.0,2.8,0.535,0.611,0.583,0.522,29.0,29.0,29.0,28.6,38.6,28.3,20.1,0.293,0.41200000000000003,0.374,0.637,1.0,6.0,125.0,13.9,31.9,81.1,56.6,71.8,73.5,70.3,0.797,0.611,188.0,5.2,4.4,5.6,79.6,112.0,31.4,152.0,38.6,7.7,81.1,29.4,28.6,44.0,42.0,44.8,103.7,8.0,159.4,15.3,33.5,2.8,-2.0,,2.8,8.67,37.6,51.4,19.9,19.8,2.12,221.0,4.4,10.3,59.3,26.5,78.2,46.1,1.01
 Belarus,21.9,19.7,58.0,0.37,6.7,1.56,1.0,7.1,0.25,5.4,41.3,0.835,9.6,56.8,63.8,14237.0,20746.0,15.5,16.0,15.0,110.7,2.4,42.5,42.5,92.4,1.025,0.146,34.8,17944.0,170.0,103.0,98.0,105.0,90.0,33.2,17264.0,0.3,58.0,3.6,0.815,0.795,0.807,0.778,7.1,7.1,7.1,34.8,3.7,10.8,6.8,0.804,0.7490000000000001,0.6940000000000001,0.753,3.0,1.0,5375.0,59.0,58.5,70.8,64.1,72.5,78.0,66.9,0.8079999999999999,0.795,4.0,12.1,12.0,12.1,120.2,90.0,3.2,261.0,4.2,20.3,70.8,7.1,34.8,89.3,87.0,92.2,6.6,1.3,9.5,0.6,76.7,3.6,-2.2,16.0,3.6,1.56,6.6,100.0,51.2,29.5,1.0,58.0,0.5,1.1,2.4,72.0,0.3,22.6,1.0
 Belgium,9.2,6.0,9.1,0.2,8.3,2.15,0.97,7.9,0.10400000000000001,10.4,154.5,0.883,1.2,77.4,49.0,32850.0,50629.0,19.7,20.7,18.7,164.7,-4.5,22.6,22.6,72.4,0.971,0.057,23.3,41360.0,463.6,118.0,104.0,162.0,73.0,23.0,41583.0,,9.1,1.9,0.894,0.92,0.909,0.9109999999999999,7.9,7.9,7.9,23.3,8.1,11.6,3.9,0.8109999999999999,0.8370000000000001,0.805,0.899,1.0,4.0,7887.0,85.0,48.0,59.4,53.6,80.8,83.2,78.3,0.935,0.92,7.0,11.5,11.2,11.6,113.5,53.0,3.3,91.0,4.1,27.6,59.4,7.9,23.3,82.3,80.1,84.7,7.3,2.0,11.2,0.6,97.8,1.9,-1.8,11.0,1.9,2.15,9.1,100.0,46.5,42.4,0.88,9.1,8.5,23.2,10.5,99.5,,26.1,0.97
 Belize,-0.9,67.9,24.0,0.18,1.4,4.71,1.53,21.7,0.21899999999999997,5.8,57.5,0.7040000000000001,16.3,66.9,59.4,5570.0,9098.0,12.8,13.0,12.5,126.6,8.3,60.1,60.1,,0.972,0.381,21.3,8000.0,2.8,50.0,112.0,80.0,,19.8,7330.0,1.9,24.0,35.0,0.695,0.7140000000000001,0.706,0.649,21.7,21.7,21.7,21.3,15.9,37.9,11.4,0.5920000000000001,0.546,0.40299999999999997,0.682,4.0,5.0,321.0,38.7,52.9,81.8,67.2,70.0,73.0,67.4,0.77,0.7140000000000001,28.0,10.5,10.5,10.5,49.0,131.0,14.0,222.0,16.3,5.9,81.8,22.7,21.3,77.6,77.9,77.4,0.2,0.0,0.4,0.0,45.3,35.0,-8.1,22.0,35.0,4.71,36.9,87.6,41.0,13.3,3.18,24.0,11.6,23.0,22.9,52.3,9.6,52.4,1.53
 Benin,3.8,93.5,61.0,0.31,0.6,3.13,1.08,37.1,0.368,3.6,21.3,0.46,41.1,40.1,68.9,1726.0,2252.0,12.6,10.9,14.2,76.5,4.2,38.7,38.7,44.4,0.86,0.614,28.6,2001.0,20.6,21.0,130.0,56.0,16.0,28.6,1988.0,1.0,61.0,,0.46799999999999997,0.544,0.505,0.452,37.1,37.1,37.1,28.6,44.8,29.4,37.0,0.254,0.316,0.319,0.391,14.0,32.0,242.0,6.0,68.3,73.4,70.8,60.4,61.8,58.9,0.621,0.544,414.0,3.3,2.7,4.3,84.2,222.0,66.1,269.0,102.8,6.0,73.4,37.4,28.6,23.3,15.8,30.8,5.5,0.3,10.3,1.7,45.2,,-3.2,46.0,,3.13,52.5,13.7,55.5,8.4,1.21,61.0,2.6,5.4,87.8,13.6,68.3,80.8,1.08
 Bhutan,23.8,27.6,172.0,0.17,1.3,0.73,1.08,28.9,0.366,3.2,47.3,0.44299999999999995,56.7,32.5,62.7,4980.0,8522.0,12.2,12.2,12.0,93.6,1.5,72.0,72.0,,0.8859999999999999,0.502,51.7,7366.0,5.7,17.0,100.0,82.0,,53.5,6863.0,,172.0,,0.56,0.632,0.599,0.639,28.9,28.9,28.9,51.7,44.8,19.6,22.2,0.245,0.42,0.514,0.5920000000000001,1.0,3.0,133.0,30.3,54.9,72.4,64.4,69.4,69.6,69.2,0.76,0.632,156.0,3.1,2.1,4.2,80.4,214.0,28.8,210.0,35.1,6.8,72.4,29.8,51.7,9.6,5.8,13.4,0.5,0.0,0.8,0.1,37.9,,,40.0,,0.73,87.0,95.0,29.6,8.3,1.85,172.0,2.6,9.2,69.5,27.7,11.1,41.4,1.08
 Bolivia (Plurinational State of),,71.7,120.0,0.31,1.9,3.57,1.53,28.4,0.467,5.8,55.2,0.667,30.9,48.5,69.9,4327.0,7694.0,13.8,13.5,14.1,85.3,2.0,50.8,50.8,85.2,0.9259999999999999,0.452,21.0,6325.0,66.8,68.0,97.0,85.0,,21.0,6013.0,0.3,120.0,8.9,0.6459999999999999,0.698,0.675,0.619,28.4,28.4,28.4,21.0,24.7,36.1,24.5,0.502,0.48100000000000004,0.395,0.562,8.0,11.0,871.0,34.6,60.9,81.8,71.3,68.4,70.9,65.9,0.7440000000000001,0.698,215.0,8.5,7.8,9.2,98.9,155.0,31.5,219.0,39.6,10.4,81.8,28.6,21.0,52.9,49.6,58.7,6.4,0.7,10.6,1.2,68.0,8.9,0.1,18.0,8.9,3.57,16.8,71.5,42.3,51.8,2.0,120.0,2.0,4.6,33.8,38.0,11.1,54.1,1.53
 Bosnia and Herzegovina,,11.7,42.0,0.59,6.2,11.35,1.03,13.1,0.107,9.6,58.6,0.6990000000000001,17.1,52.9,34.0,7109.0,14221.0,14.2,14.5,14.3,90.6,2.9,42.7,42.7,77.5,0.912,,19.1,10517.0,37.5,,,,,19.5,10600.0,,42.0,1.4,0.718,0.7879999999999999,0.754,0.7040000000000001,13.1,13.1,13.1,19.1,12.5,20.2,6.7,0.612,0.654,0.562,0.812,8.0,11.0,536.0,49.9,36.0,58.5,47.0,76.6,79.1,74.0,0.87,0.7879999999999999,12.0,9.2,7.8,10.6,97.9,66.0,5.3,129.0,6.1,21.8,58.5,13.3,19.1,78.0,69.5,87.5,2.5,0.5,3.6,0.2,46.8,1.4,-2.5,17.0,1.4,11.35,41.7,100.0,37.1,,1.24,42.0,27.5,62.7,18.5,47.1,0.2,20.9,1.03
 Botswana,29.6,36.3,385.0,0.2,3.2,0.28,1.21,36.5,0.828,5.3,8.3,0.6559999999999999,26.4,59.9,58.8,14067.0,17112.0,12.6,12.8,12.5,114.8,3.2,19.3,19.3,74.7,0.992,0.452,27.9,15915.0,34.5,20.0,105.0,,26.0,30.5,15572.0,22.4,385.0,,0.6990000000000001,0.705,0.701,0.763,36.5,36.5,36.5,27.9,32.1,55.5,21.9,0.446,0.433,0.33899999999999997,0.5379999999999999,2.0,3.0,1966.0,36.7,64.8,78.2,71.4,64.8,67.7,61.8,0.6890000000000001,0.705,134.0,9.2,9.1,9.5,157.3,210.0,35.9,328.0,44.6,5.7,78.2,38.2,27.9,85.9,85.1,86.7,1.4,0.1,2.2,0.3,66.4,,0.7,,,0.28,28.8,34.6,47.5,9.5,1.48,385.0,17.6,35.4,15.3,48.7,21.2,49.7,1.21
 Brazil,7.3,65.1,43.0,0.17,2.6,0.11,1.18,25.6,0.147,8.4,103.4,0.664,10.4,66.8,59.7,12016.0,18218.0,15.0,15.7,14.7,24.7,4.0,59.2,59.2,59.1,1.008,0.42,20.5,15374.0,3139.6,89.0,111.0,102.0,49.0,19.9,15067.0,0.6,43.0,28.0,0.7559999999999999,0.75,0.752,0.758,25.6,25.6,25.6,20.5,23.6,38.7,14.5,0.507,0.5539999999999999,0.46399999999999997,0.7240000000000001,2.0,3.0,6430.0,54.6,52.9,75.7,64.0,75.0,78.7,71.4,0.847,0.75,46.0,7.4,7.7,7.2,137.5,96.0,14.7,196.0,16.4,11.1,75.7,26.3,20.5,57.5,57.7,54.7,141.6,15.7,204.2,14.9,85.5,28.0,-4.5,21.0,28.0,0.11,41.8,97.8,44.2,10.4,1.45,43.0,6.7,15.8,26.0,64.8,4.7,33.1,1.18
 Brunei Darussalam,43.4,12.6,55.0,0.29,22.1,,1.08,,0.6409999999999999,2.2,25.5,0.71,0.6,80.8,63.2,63922.0,88158.0,14.8,15.4,14.6,99.4,3.3,72.1,72.1,100.0,0.99,,27.4,76089.0,31.3,71.0,105.0,99.0,32.0,27.3,76417.0,,55.0,,0.848,0.856,0.853,1.0,,,,27.4,,,4.4,,,,0.8370000000000001,1.0,3.0,201.0,68.8,59.7,75.7,68.0,76.9,78.6,75.3,0.8759999999999999,0.856,23.0,9.0,8.9,9.1,109.8,74.0,8.6,105.0,10.1,5.4,75.7,,27.4,68.6,67.7,69.6,0.3,0.0,0.4,0.0,76.3,,1.3,10.0,,,0.0,100.0,42.1,,1.33,55.0,7.0,26.1,4.6,,0.3,33.5,1.08
 Bulgaria,9.3,41.9,32.0,0.36,5.9,2.97,1.0,10.4,0.105,8.5,62.4,0.7859999999999999,7.0,62.9,48.0,12914.0,19610.0,15.2,15.4,14.9,131.0,3.6,35.1,35.1,71.0,0.991,0.23199999999999998,21.4,16302.0,117.8,84.0,99.0,104.0,68.0,21.1,16171.0,0.1,32.0,1.6,0.7929999999999999,0.8,0.797,0.768,10.4,10.4,10.4,21.4,5.5,17.8,7.9,0.743,0.713,0.632,0.772,10.0,7.0,7311.0,55.5,48.6,60.1,54.2,74.5,78.0,71.1,0.838,0.8,11.0,10.9,11.0,10.9,131.4,,7.4,,8.8,29.7,60.1,10.6,21.4,94.2,93.1,95.5,4.8,1.4,7.2,0.3,73.7,1.6,-5.0,18.0,1.6,2.97,17.0,100.0,48.3,20.0,0.85,32.0,11.4,23.8,8.7,63.2,,20.8,1.0
 Burkina Faso,-1.9,112.4,54.0,0.1,0.2,3.2,1.59,34.6,0.55,5.6,29.9,0.266,30.7,37.6,62.4,1187.0,1853.0,7.9,7.5,8.2,60.9,2.9,19.8,19.8,,0.86,,25.9,1582.0,27.8,4.0,87.0,30.0,5.0,24.9,1518.0,0.9,54.0,0.8,0.374,0.435,0.405,0.41100000000000003,34.6,34.6,34.6,25.9,38.6,24.2,41.1,0.163,0.263,0.311,0.358,5.0,12.0,191.0,9.4,58.3,75.5,66.7,59.5,60.0,58.7,0.607,0.435,379.0,1.4,1.0,2.0,71.0,247.0,56.3,278.0,92.8,4.7,75.5,35.0,25.9,8.5,6.0,11.5,9.1,0.4,17.6,3.1,26.9,0.8,-1.7,44.0,0.8,3.2,75.2,3.0,48.6,,2.32,54.0,6.5,8.6,87.7,12.6,70.1,88.3,1.59
 Burundi,-10.0,29.0,126.0,0.06,0.0,1.82,0.69,31.5,0.517,6.8,25.6,0.419,91.1,6.4,76.9,921.0,678.0,11.7,10.9,11.9,41.3,2.6,10.6,10.6,,0.993,0.48200000000000004,27.8,803.0,7.9,11.0,138.0,40.0,5.0,27.8,802.0,1.2,126.0,5.7,0.418,0.42100000000000004,0.42100000000000004,0.314,31.5,31.5,31.5,27.8,36.9,14.1,43.6,0.264,0.28300000000000003,0.27,0.318,2.0,6.0,235.0,1.4,79.6,76.7,78.2,56.7,58.7,54.8,0.564,0.42100000000000004,737.0,2.8,2.6,3.6,32.3,269.0,52.0,327.0,77.9,4.7,76.7,32.6,27.8,8.3,7.1,9.6,5.2,0.2,9.9,1.8,11.8,5.7,-4.5,44.0,5.7,1.82,94.6,2.0,22.4,34.9,0.55,126.0,1.6,2.9,92.3,6.7,83.5,84.3,0.69
 Cabo Verde,8.6,78.3,138.0,0.16,0.9,10.6,1.09,19.4,0.35100000000000003,5.0,85.2,0.5429999999999999,68.7,24.4,53.6,3951.0,7327.0,12.6,12.8,12.1,101.0,9.7,22.1,22.1,,,,37.0,5928.0,3.1,66.0,100.0,86.0,23.0,34.5,5632.0,0.8,138.0,12.3,,,0.644,0.609,19.4,19.4,19.4,37.0,18.2,28.0,12.0,0.444,0.517,0.43799999999999994,0.71,1.0,7.0,494.0,40.3,48.1,71.8,59.8,72.4,74.3,70.3,0.8059999999999999,,44.0,5.8,,,116.5,105.0,19.6,150.0,23.0,7.2,71.8,19.7,37.0,,,,0.3,0.0,0.5,0.1,63.8,12.3,-7.9,23.0,12.3,10.6,26.2,81.3,29.5,20.8,1.14,138.0,10.4,17.8,38.0,,40.3,49.7,1.09
 Cambodia,4.7,49.2,390.0,0.14,0.4,2.26,1.0,24.6,0.327,6.2,55.7,0.479,30.5,43.5,84.5,2565.0,3343.0,11.6,11.1,12.1,129.6,10.3,54.3,54.3,30.7,0.912,0.47700000000000004,22.1,3124.0,47.7,18.0,117.0,,,21.0,2945.0,0.6,390.0,,0.537,0.589,0.5660000000000001,0.511,24.6,24.6,24.6,22.1,28.3,20.3,25.3,0.34299999999999997,0.426,0.40700000000000003,0.555,6.0,17.0,4503.0,14.0,81.0,88.6,84.6,68.3,70.2,66.1,0.742,0.589,167.0,4.7,3.7,5.4,133.9,147.0,28.9,212.0,33.7,6.3,88.6,24.7,22.1,18.9,13.2,26.1,9.8,0.6,15.3,1.8,21.8,,-9.9,45.0,,2.26,68.0,49.2,50.3,18.5,1.0,390.0,0.2,0.4,53.0,20.5,56.1,49.6,1.0
 Cameroon,3.2,116.0,220.0,0.1,0.3,0.81,1.2,32.4,0.436,4.9,14.9,0.537,62.9,27.9,72.9,2623.0,3716.0,12.2,11.0,12.6,55.1,2.1,40.3,40.3,29.9,0.8640000000000001,0.5760000000000001,24.1,3196.0,71.1,35.0,116.0,59.0,17.0,23.7,3170.0,4.1,220.0,,0.498,0.5760000000000001,0.5429999999999999,0.522,32.4,32.4,32.4,24.1,34.8,23.1,39.4,0.35,0.365,0.401,0.34600000000000003,7.0,20.0,822.0,16.2,71.0,81.5,76.2,57.1,58.3,55.9,0.5710000000000001,0.5760000000000001,609.0,6.0,4.5,7.2,76.6,328.0,57.0,363.0,87.5,5.9,81.5,32.8,24.1,31.8,31.7,37.9,11.9,0.7,22.2,3.7,54.0,,-1.9,44.0,,0.81,77.0,22.2,42.3,27.1,1.51,220.0,4.3,9.1,71.4,10.2,40.3,80.5,1.2
 Canada,8.8,10.8,5.1,0.35,15.1,0.07,0.9,8.6,0.17800000000000002,10.0,,0.887,2.1,78.4,61.2,33815.0,51089.0,16.3,16.8,15.9,64.1,3.6,38.2,38.2,73.4,0.985,0.10400000000000001,24.9,43079.0,1530.8,,102.0,110.0,,24.4,42383.0,,5.1,1.5,0.91,0.924,0.9179999999999999,0.914,8.6,8.6,8.6,24.9,3.9,17.4,4.6,0.852,0.8370000000000001,0.755,0.91,4.0,10.0,16537.0,87.1,61.1,70.5,65.7,82.0,84.0,80.0,0.9540000000000001,0.924,7.0,13.0,13.2,12.8,80.9,,4.6,,5.2,23.0,70.5,8.9,24.9,100.0,100.0,100.0,24.3,5.6,35.6,1.9,81.2,1.5,-1.8,,1.5,0.07,22.0,100.0,47.9,28.5,0.86,5.1,6.9,13.5,10.7,99.2,,23.5,0.9
 Chile,5.2,48.9,16.0,0.21,4.7,0.02,1.15,18.2,0.33399999999999996,7.6,119.3,0.784,9.4,67.1,58.1,14653.0,28494.0,16.1,16.6,16.1,65.3,9.1,23.4,23.4,73.4,0.9590000000000001,0.327,23.2,22195.0,390.9,82.0,98.0,99.0,86.0,23.8,21507.0,0.5,16.0,3.6,0.815,0.85,0.833,0.8109999999999999,18.2,18.2,18.2,23.2,12.6,36.0,5.9,0.685,0.6729999999999999,0.519,0.856,1.0,3.0,3674.0,61.1,50.1,74.7,62.2,79.1,81.6,76.5,0.91,0.85,23.0,10.1,9.9,10.4,134.4,68.0,7.4,113.0,8.5,14.7,74.7,19.3,23.2,78.0,76.1,79.0,12.1,1.8,17.6,1.2,87.3,3.6,-5.7,19.0,3.6,0.02,26.7,100.0,43.0,16.5,1.14,16.0,6.7,17.2,23.0,59.2,1.5,30.7,1.15
 China,26.9,6.7,68.0,0.59,7.5,0.28,0.92,,0.10099999999999999,5.0,167.2,0.637,20.7,51.2,66.8,10139.0,15257.0,13.8,14.0,13.6,44.9,2.6,22.0,22.0,87.5,0.953,0.161,47.0,12759.0,17406.2,78.0,99.0,,41.0,45.0,12775.0,,68.0,0.7,0.72,0.7559999999999999,0.738,0.733,,,,47.0,,29.5,9.8,,,0.517,0.7759999999999999,1.0,1.0,55622.0,47.9,62.8,77.0,70.0,75.9,77.5,74.5,0.861,0.7559999999999999,28.0,7.6,7.3,8.1,92.5,69.0,9.9,95.0,11.5,12.8,77.0,,47.0,75.0,69.8,79.4,1014.9,129.4,1390.1,85.7,54.3,0.7,-2.2,16.0,0.7,0.28,12.2,100.0,42.3,23.4,0.78,68.0,4.6,10.7,33.5,76.3,13.2,24.2,0.92
 Colombia,4.3,54.2,30.0,0.14,1.8,1.1,1.32,24.1,0.45899999999999996,6.4,71.0,0.6659999999999999,16.1,64.1,64.4,9470.0,15248.0,14.4,14.7,14.1,37.3,4.3,52.8,52.8,76.7,0.992,0.39299999999999996,26.3,12716.0,607.7,,114.0,99.0,53.0,25.8,12315.0,0.4,30.0,27.9,0.7340000000000001,0.74,0.738,0.727,24.1,24.1,24.1,26.3,21.3,37.4,13.5,0.524,0.556,0.455,0.7190000000000001,9.0,9.0,2552.0,52.6,58.4,83.0,70.4,74.0,77.7,70.5,0.831,0.74,66.0,8.0,8.1,7.9,115.8,90.0,14.0,193.0,16.3,9.9,83.0,24.7,26.3,49.4,50.3,48.4,32.8,3.2,47.8,3.8,79.4,27.9,-6.3,24.0,27.9,1.1,24.4,90.5,46.2,20.9,1.68,30.0,8.5,17.8,46.8,34.0,8.9,36.0,1.32
 Congo (Democratic Republic of the),-12.4,127.4,325.0,0.08,0.1,0.06,1.11,35.3,0.462,4.4,7.9,0.467,81.4,6.5,69.8,629.0,796.0,9.4,8.2,10.5,78.7,5.1,67.4,67.4,5.4,0.82,0.652,23.2,785.0,57.9,4.0,110.0,46.0,,23.1,713.0,0.8,325.0,,0.391,0.47600000000000003,0.436,0.297,35.3,35.3,35.3,23.2,27.7,28.2,49.9,0.337,0.278,0.213,0.299,19.0,23.0,,3.0,71.4,73.6,72.5,58.8,60.2,57.3,0.597,0.47600000000000003,717.0,6.2,4.3,8.1,50.3,240.0,76.0,288.0,101.0,6.0,73.6,36.2,23.2,45.1,30.6,61.3,37.3,2.2,73.7,13.7,42.2,,-4.1,35.0,,0.06,92.9,0.4,37.5,9.7,1.47,325.0,3.7,7.3,53.4,14.3,90.9,91.7,1.11
 Costa Rica,13.3,57.4,12.0,0.11,1.6,1.17,1.19,19.0,0.436,8.2,70.5,0.698,11.2,71.2,57.2,10156.0,17426.0,14.8,15.6,14.5,67.0,6.4,53.4,53.4,49.5,0.976,0.308,18.8,14372.0,68.4,79.0,111.0,120.0,53.0,19.5,13794.0,0.4,12.0,10.0,0.772,0.7909999999999999,0.78,0.7440000000000001,19.0,19.0,19.0,18.8,15.5,34.3,7.3,0.59,0.625,0.489,0.848,9.0,5.0,2527.0,53.0,49.3,76.7,62.9,79.4,81.9,77.0,0.914,0.7909999999999999,26.0,8.6,8.7,8.8,147.6,60.0,8.2,114.0,9.4,12.5,76.7,19.9,18.8,54.2,54.5,53.8,3.3,0.4,4.8,0.4,75.9,10.0,-6.7,13.0,10.0,1.17,37.8,98.4,41.4,33.3,1.59,12.0,9.1,25.3,15.4,60.2,1.6,33.0,1.19
 Croatia,8.7,10.6,13.0,0.2,4.0,3.73,1.01,8.9,0.078,7.5,89.5,0.7929999999999999,9.5,63.5,43.4,16879.0,23212.0,15.2,15.8,14.6,88.7,6.9,34.3,34.3,70.7,0.996,0.12,18.8,20334.0,86.2,61.0,99.0,99.0,68.0,19.3,19930.0,0.1,13.0,0.8,0.8240000000000001,0.8270000000000001,0.8240000000000001,0.8,8.9,8.9,8.9,18.8,4.3,17.2,5.2,0.758,0.7490000000000001,0.662,0.836,2.0,6.0,11623.0,68.6,46.5,58.9,52.4,77.3,80.6,73.9,0.882,0.8270000000000001,9.0,11.1,11.0,11.6,104.8,57.0,4.2,134.0,4.9,27.9,58.9,9.1,18.8,93.9,92.0,96.0,2.8,0.8,4.3,0.2,55.9,0.8,-1.4,14.0,0.8,3.73,33.6,100.0,46.7,23.8,1.11,13.0,17.3,45.6,10.4,87.7,,22.4,1.01
 Cuba,,47.5,7.3,,3.0,,0.98,,0.215,,,0.767,18.9,64.2,53.4,4842.0,9661.0,14.2,14.4,13.5,39.3,,30.2,30.2,85.8,0.9490000000000001,0.309,7.6,,,99.0,102.0,99.0,41.0,7.3,7254.0,0.3,7.3,5.2,0.747,0.787,0.768,0.647,,,,7.6,11.3,,5.1,0.68,,,0.867,1.0,1.0,2970.0,29.1,42.0,67.8,54.9,79.4,81.5,77.4,0.914,0.787,40.0,11.2,11.5,11.7,22.1,72.0,4.3,109.0,5.7,19.4,67.8,,7.6,84.8,83.9,86.7,8.0,1.6,11.4,0.6,76.9,5.2,,9.0,5.2,,18.8,100.0,43.4,48.9,1.33,7.3,2.7,5.7,10.3,,2.8,23.5,0.98
 Cyprus,-0.4,5.1,3.9,0.24,5.3,1.14,0.96,10.6,0.18600000000000003,6.8,306.0,0.7929999999999999,4.4,79.1,53.1,23637.0,33747.0,14.3,14.7,13.8,122.1,-3.2,18.7,18.7,92.9,0.982,0.114,12.3,29786.0,25.4,77.0,99.0,99.0,53.0,11.7,28696.0,,3.9,1.0,0.848,0.863,0.856,0.855,10.6,10.6,10.6,12.3,13.1,15.0,3.7,0.6890000000000001,0.764,0.727,0.8909999999999999,1.0,14.0,2441.0,69.3,57.8,68.7,63.3,80.2,82.4,78.0,0.9259999999999999,0.863,7.0,11.9,11.8,12.0,130.2,35.0,2.3,70.0,2.9,17.8,68.7,10.7,12.3,79.0,77.0,81.1,0.8,0.1,1.2,0.1,67.0,1.0,-24.9,13.0,1.0,1.14,9.4,100.0,47.6,12.5,0.87,3.9,16.1,34.5,14.4,90.3,,24.2,0.96
 Czechia,,10.6,5.1,0.32,9.2,1.26,1.05,5.4,0.113,7.7,72.5,0.893,2.8,59.2,55.8,20238.0,34229.0,16.7,17.6,16.1,158.7,3.9,34.5,34.5,74.7,0.983,0.13699999999999998,25.9,29120.0,306.5,104.0,99.0,105.0,66.0,25.1,27113.0,0.1,5.1,0.8,0.87,0.885,0.879,0.846,5.4,5.4,5.4,25.9,1.4,11.0,3.7,0.88,0.831,0.753,0.866,1.0,1.0,8096.0,74.2,51.0,68.4,59.4,78.4,81.4,75.4,0.899,0.885,4.0,12.8,12.6,13.1,131.3,53.0,2.5,115.0,3.1,25.9,68.4,5.5,25.9,99.8,99.8,99.8,7.2,1.9,10.6,0.6,73.4,0.8,0.2,,0.8,1.26,14.8,100.0,43.8,18.5,1.45,5.1,6.1,15.9,14.6,79.4,,22.1,1.05
 Côte d'Ivoire,25.4,135.0,165.0,0.16,0.5,1.09,1.34,37.6,0.35700000000000004,5.2,29.0,0.39299999999999996,50.4,43.6,56.8,1437.0,4468.0,8.8,7.7,9.7,62.4,1.2,32.7,32.7,26.5,0.7809999999999999,0.6679999999999999,19.8,3055.0,68.8,6.0,88.0,40.0,9.0,18.9,2977.0,3.0,165.0,,0.40399999999999997,0.517,0.465,0.513,37.6,37.6,37.6,19.8,45.1,27.4,40.2,0.21600000000000003,0.289,0.37200000000000005,0.299,7.0,41.0,471.0,19.3,48.0,68.3,58.4,52.5,54.0,51.1,0.5,0.517,665.0,4.4,3.7,5.9,98.1,383.0,70.1,421.0,98.3,5.3,68.3,38.0,19.8,24.2,16.6,32.7,,0.7,22.5,3.7,49.0,,-3.8,43.0,,1.09,72.2,36.5,45.5,9.4,1.64,165.0,2.8,3.9,74.6,29.2,53.3,79.2,1.34
 Denmark,18.3,4.5,5.9,0.13,5.9,0.42,0.92,7.1,0.091,10.3,218.1,0.927,2.5,78.3,58.0,39153.0,54345.0,19.1,20.0,18.3,102.3,1.9,14.5,14.5,68.5,0.9740000000000001,0.042,20.1,45057.0,254.3,96.0,101.0,129.0,81.0,19.2,46706.0,,5.9,1.3,0.915,0.94,0.9279999999999999,0.9279999999999999,7.1,7.1,7.1,20.1,3.0,14.4,4.0,0.899,0.861,0.795,0.892,4.0,10.0,10267.0,96.0,58.0,66.3,62.1,80.4,82.4,78.4,0.929,0.94,7.0,12.8,12.7,12.9,126.4,52.0,3.5,87.0,4.2,28.8,66.3,7.3,20.1,89.5,89.1,89.9,3.6,1.1,5.7,0.3,87.4,1.3,3.9,11.0,1.3,0.42,30.3,100.0,48.0,39.1,1.06,5.9,6.6,12.6,5.4,100.0,,26.4,0.92
 Dominican Republic,16.2,99.2,60.0,0.16,2.1,7.28,1.54,23.4,0.191,6.1,48.8,0.624,14.4,68.2,62.0,8901.0,14890.0,13.2,13.7,12.7,56.2,3.6,40.4,40.4,86.5,0.995,0.475,23.0,12663.0,131.8,44.0,101.0,78.0,48.0,23.1,11886.0,1.1,60.0,17.4,0.7140000000000001,0.718,0.718,0.722,23.4,23.4,23.4,23.0,22.9,30.3,16.9,0.48100000000000004,0.5489999999999999,0.503,0.684,5.0,12.0,5141.0,49.6,53.2,79.7,66.3,73.5,76.7,70.4,0.823,0.718,98.0,7.8,7.9,7.4,79.8,120.0,26.7,206.0,32.2,10.3,79.7,23.6,23.0,56.4,57.2,55.5,6.6,0.7,10.4,1.1,77.7,17.4,-5.6,21.0,17.4,7.28,18.0,95.6,44.6,19.1,2.21,60.0,6.4,12.9,42.6,56.0,5.2,47.8,1.54
 Ecuador,11.5,76.5,54.0,0.25,2.8,2.43,1.21,21.8,0.5,8.6,31.4,0.6709999999999999,25.3,54.8,61.9,7096.0,14373.0,14.0,15.1,13.9,57.7,0.8,50.8,50.8,86.9,0.966,0.395,28.3,10901.0,173.4,63.0,113.0,104.0,,27.2,10735.0,0.3,54.0,8.2,0.728,0.754,0.742,0.706,21.8,21.8,21.8,28.3,21.1,30.9,13.4,0.53,0.5770000000000001,0.488,0.7440000000000001,16.0,15.0,1557.0,45.6,48.5,80.0,64.1,75.9,78.7,73.2,0.86,0.754,66.0,8.5,8.3,8.5,104.4,87.0,18.9,164.0,22.2,10.2,80.0,22.1,28.3,48.8,48.2,49.4,10.2,1.0,15.9,1.6,63.3,8.2,-2.2,23.0,8.2,2.43,12.2,97.1,40.5,41.6,1.4,54.0,3.5,9.1,39.1,40.8,8.7,45.8,1.21
 Egypt,2.1,52.2,15.0,0.22,2.2,6.41,1.22,22.8,0.16399999999999998,4.1,87.1,0.586,27.6,48.1,42.3,3027.0,16119.0,12.7,12.6,12.8,36.9,1.5,0.1,0.1,96.0,0.8420000000000001,,13.6,9880.0,907.1,30.0,101.0,83.0,31.0,12.4,9644.0,0.1,15.0,,0.607,0.721,0.6829999999999999,0.69,22.8,22.8,22.8,13.6,40.9,14.2,13.4,0.34600000000000003,0.519,0.5920000000000001,0.6809999999999999,4.0,7.0,9628.0,33.9,22.5,74.8,48.7,71.1,73.4,69.0,0.7859999999999999,0.721,34.0,7.0,6.2,7.8,103.8,113.0,20.9,190.0,24.7,8.1,74.8,24.0,13.6,61.4,54.5,68.2,56.9,4.6,91.8,12.0,42.8,,-0.7,,,6.41,5.9,99.8,15.5,,2.71,15.0,13.1,34.1,25.2,9.3,45.8,53.2,1.22
 El Salvador,2.3,72.8,44.0,0.14,1.0,18.42,0.96,26.2,0.21,6.8,81.8,0.568,18.8,60.4,59.2,5734.0,9117.0,12.6,12.5,12.8,77.2,2.2,13.0,13.0,48.4,0.972,0.405,16.4,6891.0,43.3,66.0,107.0,77.0,28.0,15.6,7328.0,0.6,44.0,62.4,0.6609999999999999,0.68,0.67,0.649,26.2,26.2,26.2,16.4,30.2,34.0,14.5,0.397,0.491,0.428,0.6970000000000001,4.0,5.0,1345.0,24.8,47.7,78.7,61.8,73.0,77.4,68.3,0.816,0.68,54.0,6.5,6.4,7.1,146.4,105.0,13.8,265.0,16.1,12.3,78.7,26.7,16.4,41.0,39.4,46.1,4.0,0.5,6.3,0.6,68.9,62.4,-4.9,,62.4,18.42,28.3,90.3,50.2,27.4,0.63,44.0,4.2,9.7,35.4,31.9,8.6,45.5,0.96
 Estonia,14.5,15.4,20.0,0.55,14.8,2.08,0.78,8.9,0.11800000000000001,6.2,71.1,0.87,3.9,66.0,56.7,19761.0,33926.0,16.2,17.0,15.4,162.3,6.7,52.7,52.7,14.5,1.0190000000000001,0.156,27.1,27114.0,35.6,,98.0,108.0,73.0,24.4,26380.0,,20.0,3.1,0.8690000000000001,0.853,0.8640000000000001,0.8420000000000001,8.9,8.9,8.9,27.1,2.4,18.6,5.6,0.8490000000000001,0.785,0.6859999999999999,0.83,5.0,7.0,2918.0,84.2,54.6,68.9,61.2,77.1,81.5,72.3,0.879,0.853,9.0,12.6,13.0,12.2,143.9,65.0,2.6,181.0,3.3,28.3,68.9,9.1,27.1,100.0,100.0,100.0,0.9,0.2,1.3,0.1,68.3,3.1,0.1,,3.1,2.08,25.3,100.0,49.3,19.0,0.86,20.0,7.4,15.1,5.7,97.5,,24.3,0.78
 Eswatini (Kingdom of),15.8,82.0,647.0,0.12,0.9,2.19,0.99,33.1,0.223,7.2,16.6,0.528,68.2,18.9,39.3,5890.0,10015.0,11.2,10.8,11.6,105.4,0.6,33.8,33.8,,0.945,0.5760000000000001,12.3,7871.0,10.2,,109.0,65.0,,12.3,7890.0,27.6,647.0,,0.561,0.593,0.58,0.66,33.1,33.1,33.1,12.3,26.8,37.6,35.0,0.387,0.387,0.41200000000000003,0.363,1.0,3.0,939.0,26.2,41.8,66.5,53.5,56.3,59.5,52.9,0.5579999999999999,0.593,400.0,6.5,6.1,6.9,70.8,368.0,54.6,518.0,74.1,5.3,66.5,33.3,12.3,28.8,27.3,30.5,0.8,0.0,1.3,0.2,23.1,,1.4,28.0,,2.19,67.7,54.0,27.7,14.7,1.04,647.0,26.6,53.5,19.1,27.4,33.6,64.4,0.99
 Ethiopia,8.9,70.6,207.0,0.08,0.1,3.23,1.45,28.0,0.307,4.0,,0.321,71.4,20.7,78.8,1069.0,1773.0,8.5,8.1,9.1,40.7,3.3,12.5,12.5,6.1,0.838,0.537,38.0,1425.0,138.7,25.0,100.0,,8.0,38.0,1421.0,1.1,207.0,,0.405,0.484,0.445,0.401,28.0,28.0,28.0,38.0,44.3,9.5,30.2,0.179,0.314,0.363,0.478,27.0,46.0,770.0,7.7,77.1,88.9,82.9,64.5,66.4,62.7,0.685,0.484,378.0,2.5,1.5,3.7,31.3,204.0,44.4,255.0,64.4,6.3,88.9,29.4,38.0,14.9,10.8,20.7,52.9,3.4,97.4,14.7,19.0,,,,,3.23,92.1,12.2,59.3,25.5,2.4,207.0,5.0,7.1,89.0,21.0,58.5,77.7,1.45
 Finland,6.4,7.3,5.3,0.22,8.7,0.33,0.9,5.5,0.142,9.5,164.4,0.903,4.3,73.9,53.8,32874.0,46087.0,17.6,18.4,16.9,75.4,6.3,73.1,73.1,42.1,1.001,0.061,20.9,39018.0,213.1,80.0,101.0,146.0,89.0,20.6,39372.0,,5.3,1.6,0.9129999999999999,0.912,0.914,0.903,5.5,5.5,5.5,20.9,2.1,10.8,3.5,0.884,0.8640000000000001,0.805,0.905,1.0,4.0,2731.0,86.5,55.5,62.4,58.9,81.0,83.9,78.0,0.938,0.912,3.0,12.4,12.6,12.2,139.2,45.0,2.0,99.0,2.5,30.8,62.4,5.5,20.9,100.0,100.0,100.0,3.5,1.1,5.5,0.3,85.2,1.6,-4.7,13.0,1.6,0.33,41.2,100.0,49.6,42.5,0.85,5.3,8.7,20.4,9.8,100.0,,25.6,0.9
 France,6.5,9.2,8.2,0.12,4.6,0.89,0.96,8.6,0.092,11.1,146.8,0.833,2.9,76.6,50.0,31428.0,44980.0,16.3,16.7,15.9,60.5,0.2,30.8,30.8,46.2,0.988,0.10400000000000001,22.7,37524.0,2488.4,109.0,106.0,111.0,64.0,21.8,38085.0,0.4,8.2,1.2,0.888,0.899,0.894,0.898,8.6,8.6,8.6,22.7,8.0,13.9,4.0,0.767,0.816,0.773,0.9179999999999999,1.0,9.0,83701.0,83.8,50.9,61.0,55.8,82.2,85.2,79.1,0.9570000000000001,0.899,9.0,11.4,11.1,11.7,101.9,49.0,3.3,100.0,4.0,29.3,61.0,8.7,22.7,82.5,79.7,85.5,40.6,11.9,64.2,3.9,79.4,1.2,0.7,,1.2,0.89,13.3,100.0,47.6,25.7,0.95,8.2,10.3,24.2,7.4,95.5,,29.0,0.96
 Georgia,8.6,49.3,106.0,0.28,2.4,12.03,0.96,13.2,0.222,8.4,52.5,0.816,43.6,44.7,58.8,5745.0,11874.0,14.2,14.5,14.0,103.4,11.0,40.6,40.6,72.2,0.975,0.374,29.8,8749.0,32.6,,105.0,99.0,41.0,25.8,8669.0,0.4,106.0,2.7,0.752,0.7709999999999999,0.765,0.674,13.2,13.2,13.2,29.8,3.3,23.4,12.9,0.789,0.6609999999999999,0.516,0.71,1.0,8.0,5516.0,44.0,57.4,78.3,67.1,73.0,77.2,68.7,0.815,0.7709999999999999,37.0,12.6,12.6,12.6,135.3,80.0,11.0,229.0,12.3,21.6,78.3,13.6,29.8,96.7,96.1,96.0,2.7,0.6,4.0,0.3,57.1,2.7,-9.8,9.0,2.7,12.03,31.9,100.0,45.7,12.0,0.74,106.0,12.4,30.4,59.1,39.8,17.8,27.6,0.96
 Germany,12.9,7.6,6.1,0.2,8.9,0.44,0.93,6.7,0.09699999999999999,11.1,139.8,0.9359999999999999,1.4,70.5,57.4,35761.0,53396.0,16.9,16.7,17.0,84.5,0.5,32.7,32.7,79.7,0.966,0.075,19.5,43561.0,3527.6,108.0,101.0,101.0,64.0,20.0,44429.0,,6.1,0.9,0.912,0.9440000000000001,0.93,0.9209999999999999,6.7,6.7,6.7,19.5,2.4,14.1,3.7,0.9129999999999999,0.866,0.7909999999999999,0.899,1.0,3.0,32999.0,86.2,54.5,66.5,60.4,80.7,83.1,78.2,0.934,0.9440000000000001,6.0,14.0,13.5,14.3,122.1,50.0,3.3,91.0,3.9,31.9,66.5,6.9,19.5,96.7,96.4,97.0,53.7,17.1,81.5,3.5,77.2,0.9,7.0,12.0,0.9,0.44,13.4,100.0,46.6,35.6,0.87,6.1,5.0,7.7,6.4,99.4,,20.0,0.93
 Ghana,-11.3,69.9,165.0,0.14,0.5,5.14,1.07,33.1,0.431,5.5,38.2,0.541,44.7,41.2,75.1,3087.0,4320.0,11.2,10.9,11.5,88.5,8.6,40.9,40.9,52.3,0.898,0.551,18.8,3869.0,104.3,113.0,105.0,56.0,16.0,17.9,3700.0,1.7,165.0,,0.544,0.606,0.5760000000000001,0.545,33.1,33.1,33.1,18.8,36.7,31.7,30.8,0.342,0.385,0.373,0.449,1.0,8.0,825.0,25.5,74.4,79.2,76.7,62.2,63.1,61.2,0.649,0.606,322.0,6.9,5.8,7.9,112.6,229.0,43.8,268.0,63.4,5.9,79.2,33.1,18.8,59.8,51.8,68.5,15.5,0.9,27.0,4.0,53.4,,-10.7,30.0,,5.14,45.0,63.0,53.0,10.9,1.15,165.0,2.2,4.5,67.4,39.4,27.4,67.6,1.07
 Greece,-6.8,8.3,4.9,0.26,6.2,0.31,1.1,12.1,0.33899999999999997,7.9,137.8,0.831,13.6,71.5,39.0,19101.0,29316.0,17.3,17.0,17.5,67.2,1.1,31.2,31.2,86.1,0.963,0.122,11.9,24082.0,262.3,46.0,94.0,99.0,117.0,11.5,24131.0,,4.9,0.9,0.847,0.88,0.8640000000000001,0.8290000000000001,12.1,12.1,12.1,11.9,11.6,20.6,4.0,0.7340000000000001,0.757,0.6579999999999999,0.899,1.0,3.0,22033.0,63.2,44.9,61.5,53.0,80.9,83.5,78.3,0.937,0.88,3.0,10.5,10.3,10.9,107.8,43.0,3.2,97.0,3.9,29.8,61.5,12.3,11.9,67.5,63.7,71.7,7.4,2.2,11.3,0.5,77.7,0.9,3.5,9.0,0.9,0.31,16.1,100.0,41.4,21.0,1.27,4.9,26.5,52.4,29.7,86.6,,22.3,1.1
 Guatemala,-0.9,76.6,25.0,0.16,1.2,9.94,1.27,28.9,0.135,6.2,41.8,0.51,31.5,49.0,60.1,4561.0,9426.0,10.7,10.5,10.9,56.7,2.0,33.4,33.4,37.4,0.943,0.498,13.7,7147.0,113.8,45.0,103.0,63.0,18.0,13.9,6953.0,0.5,25.0,31.4,0.62,0.657,0.643,0.6409999999999999,28.9,28.9,28.9,13.7,36.2,33.1,17.4,0.325,0.45399999999999996,0.429,0.672,11.0,33.0,1739.0,23.4,40.9,84.5,61.9,72.9,76.0,69.6,0.813,0.657,93.0,6.4,6.3,6.3,106.2,115.0,25.4,216.0,30.5,7.6,84.5,29.4,13.7,36.8,37.4,36.2,9.3,0.7,15.9,2.0,49.6,31.4,-3.5,23.0,31.4,9.94,59.9,74.8,44.2,13.3,1.48,25.0,2.9,6.1,37.6,34.7,15.2,62.8,1.27
 Guinea,,142.6,177.0,0.12,0.2,1.39,0.84,35.2,0.449,4.3,21.5,0.33899999999999997,67.9,26.4,61.5,1423.0,1850.0,9.1,7.8,10.4,76.8,-0.8,26.0,26.0,,0.805,,22.8,1735.0,20.5,,94.0,40.0,11.0,22.7,1637.0,1.6,177.0,,0.39299999999999996,0.488,0.44,0.42200000000000004,35.2,35.2,35.2,22.8,48.3,17.1,40.3,0.175,0.28,0.35,0.35700000000000004,42.0,72.0,33.0,6.4,63.0,65.9,64.4,58.8,59.3,58.3,0.598,0.488,688.0,2.6,1.5,3.9,73.6,257.0,61.8,282.0,95.2,5.7,65.9,36.5,22.8,,,,6.4,0.4,11.8,1.9,34.8,,1.1,46.0,,1.39,78.5,2.3,43.2,21.9,0.64,177.0,4.5,5.6,90.1,4.1,69.7,79.2,0.84
 Guyana,5.2,88.6,89.0,0.38,2.6,10.71,1.24,18.0,0.45399999999999996,5.1,60.8,0.596,15.1,59.8,50.6,4133.0,9537.0,11.4,11.7,11.0,115.9,7.7,84.0,84.0,,0.945,0.51,28.7,6906.0,5.3,,,,,28.7,6851.0,1.5,89.0,19.5,0.625,0.6609999999999999,0.648,0.639,18.0,18.0,18.0,28.7,10.5,24.4,19.2,0.5329999999999999,0.53,0.483,0.5770000000000001,1.0,1.0,206.0,32.0,39.8,74.8,57.2,66.4,68.8,64.2,0.7140000000000001,0.6609999999999999,233.0,8.4,8.5,8.4,74.3,172.0,28.3,249.0,34.4,7.6,74.8,18.2,28.7,60.9,68.1,53.2,0.5,0.0,0.8,0.1,26.4,19.5,-11.5,,19.5,10.71,24.0,84.0,37.3,31.3,1.81,89.0,11.7,26.2,28.1,,7.7,46.8,1.24
 Honduras,11.7,76.4,40.0,0.25,1.1,17.05,1.23,30.7,0.204,7.7,59.5,0.483,28.8,49.1,62.0,2928.0,4877.0,10.0,10.4,9.7,113.0,8.6,42.1,42.1,52.5,0.971,0.474,22.2,4231.0,37.3,41.0,95.0,62.0,20.0,22.3,3899.0,0.4,40.0,66.9,0.5920000000000001,0.609,0.603,0.5529999999999999,30.7,30.7,30.7,22.2,26.4,48.6,17.0,0.35600000000000004,0.41,0.284,0.679,1.0,3.0,868.0,19.1,46.9,85.0,65.6,73.2,75.7,70.7,0.818,0.609,132.0,6.2,6.2,6.1,87.7,121.0,17.1,174.0,20.1,7.0,85.0,32.0,22.2,32.3,33.4,31.1,5.5,0.4,8.8,1.0,54.5,66.9,-6.8,,66.9,17.05,54.0,76.3,45.5,25.8,1.54,40.0,5.5,9.5,38.7,27.0,26.9,54.4,1.23
 Hungary,10.6,20.0,9.4,0.18,4.3,3.4,1.02,7.1,0.113,7.1,60.6,0.821,4.7,64.8,49.5,18348.0,28212.0,15.4,15.8,15.0,168.9,9.2,22.8,22.8,68.0,0.988,0.255,23.3,24161.0,238.4,86.0,102.0,104.0,52.0,22.2,23034.0,,9.4,1.5,0.8270000000000001,0.836,0.833,0.8220000000000001,7.1,7.1,7.1,23.3,3.2,12.6,5.4,0.795,0.773,0.718,0.81,1.0,1.0,4618.0,75.7,46.3,62.0,53.6,75.6,79.1,72.0,0.856,0.836,16.0,11.8,11.6,12.0,119.5,84.0,4.7,180.0,5.5,25.0,62.0,7.2,23.3,96.6,95.6,97.9,6.7,1.7,9.8,0.5,70.2,1.5,0.3,11.0,1.5,3.4,15.7,100.0,46.8,10.1,1.04,9.4,7.7,20.3,5.8,72.5,,21.2,1.02
 Iceland,12.9,8.8,2.8,0.14,6.1,1.23,0.76,5.8,0.445,8.8,114.3,0.9059999999999999,4.5,77.0,72.5,33809.0,47709.0,19.6,20.8,18.4,99.5,4.4,0.5,0.5,10.9,0.971,0.07400000000000001,17.3,41701.0,13.7,98.0,98.0,119.0,81.0,17.2,40787.0,,2.8,0.6,0.91,0.9359999999999999,0.925,0.9079999999999999,5.8,5.8,5.8,17.3,2.4,12.2,2.8,0.885,0.87,0.797,0.934,4.0,10.0,998.0,98.2,72.2,80.4,76.3,82.4,84.0,80.9,0.96,0.9359999999999999,4.0,12.2,12.2,12.1,112.7,,1.7,,2.3,20.1,80.4,5.9,17.3,98.4,100.0,100.0,0.2,0.0,0.3,0.0,93.7,0.6,-10.8,10.0,0.6,1.23,76.3,100.0,48.6,39.7,0.92,2.8,4.9,9.6,8.7,,,30.8,0.76
 India,20.6,28.9,223.0,0.32,1.7,3.45,1.03,27.7,0.175,3.6,75.9,0.532,45.5,30.5,52.1,2266.0,8161.0,11.9,12.2,11.6,48.9,1.7,23.7,23.7,73.5,0.8320000000000001,0.544,34.3,5385.0,6967.6,12.0,108.0,74.0,26.0,30.1,5322.0,0.3,223.0,3.7,0.5539999999999999,0.6659999999999999,0.618,0.6,27.7,27.7,27.7,34.3,42.1,16.1,25.0,0.308,0.441,0.504,0.5539999999999999,10.0,15.0,13107.0,21.0,27.1,79.3,54.0,68.0,69.6,66.6,0.7390000000000001,0.6659999999999999,181.0,6.1,4.8,8.0,73.0,144.0,37.9,217.0,47.7,8.4,79.3,28.6,34.3,48.7,35.3,61.4,846.0,71.2,1293.9,122.6,32.4,3.7,-3.0,31.0,3.7,3.45,36.7,73.6,18.3,11.8,1.28,223.0,3.4,10.0,78.5,43.1,49.0,44.5,1.03
 Indonesia,11.3,49.3,399.0,0.18,1.8,0.96,1.01,18.2,0.152,3.4,43.4,0.615,34.3,44.3,64.4,6237.0,13067.0,12.8,12.8,12.8,48.1,2.8,50.6,50.6,65.6,0.9259999999999999,0.47100000000000003,34.6,10003.0,2552.1,56.0,105.0,84.0,30.0,32.5,9679.0,0.4,399.0,0.5,0.654,0.706,0.6829999999999999,0.691,18.2,18.2,18.2,34.6,20.8,17.3,16.4,0.48700000000000004,0.5589999999999999,0.5710000000000001,0.628,5.0,25.0,9435.0,17.1,50.5,83.7,67.1,68.9,71.0,66.8,0.752,0.706,133.0,7.8,7.4,8.3,127.6,148.0,23.7,207.0,28.3,7.5,83.7,18.2,34.6,47.3,42.9,51.7,170.5,12.8,255.1,24.5,52.6,0.5,-4.6,17.0,0.5,0.96,37.5,94.3,38.1,16.9,0.95,399.0,4.1,15.2,49.6,37.5,34.7,42.1,1.01
 Iran (Islamic Republic of),,27.4,16.0,0.49,8.3,0.31,1.18,32.1,0.5920000000000001,7.1,56.5,0.738,17.9,48.3,37.2,4634.0,29130.0,14.8,14.6,14.9,44.6,0.5,6.6,6.6,99.0,0.857,0.526,39.9,16924.0,1327.0,42.0,109.0,88.0,66.0,26.1,16970.0,0.1,16.0,2.5,0.706,0.8240000000000001,0.7879999999999999,0.7759999999999999,32.1,32.1,32.1,39.9,37.3,46.6,12.5,0.46299999999999997,0.523,0.414,0.747,1.0,1.0,4967.0,39.4,13.7,69.5,41.6,75.5,76.6,74.4,0.853,0.8240000000000001,26.0,9.8,9.7,9.9,87.9,63.0,14.0,104.0,16.3,6.9,69.5,33.6,39.9,67.7,66.8,70.2,56.1,3.9,78.4,6.9,72.8,2.5,,26.0,2.5,0.31,0.9,99.9,14.0,3.1,2.23,16.0,10.6,24.8,40.3,87.3,1.5,32.9,1.18
 Ireland,14.9,11.5,7.3,0.15,7.3,0.28,0.9,8.5,0.24100000000000002,9.9,160.9,0.91,5.7,76.1,53.5,33081.0,51195.0,19.0,19.2,18.7,208.2,33.6,10.9,10.9,84.6,0.982,0.135,22.4,48898.0,227.8,107.0,102.0,127.0,77.0,20.8,42071.0,0.2,7.3,1.1,0.909,0.925,0.9209999999999999,0.9129999999999999,8.5,8.5,8.5,22.4,5.4,16.3,3.7,0.861,0.8420000000000001,0.764,0.9059999999999999,2.0,7.0,8813.0,83.5,52.7,68.1,60.3,81.1,83.2,79.1,0.941,0.925,8.0,12.3,12.5,11.6,104.8,47.0,3.2,81.0,3.8,19.5,68.1,8.6,22.4,85.5,86.8,84.0,3.1,0.6,4.7,0.4,62.3,1.1,-6.2,,1.1,0.28,8.5,100.0,47.4,19.5,0.73,7.3,11.3,23.8,12.7,94.8,,32.9,0.9
 Israel,15.4,10.9,5.2,0.25,7.9,0.28,1.05,12.9,0.287,7.4,84.9,0.875,1.1,81.1,60.4,23267.0,39819.0,16.0,16.5,15.5,63.0,2.0,7.5,7.5,96.4,0.972,0.12,20.2,31702.0,260.5,110.0,104.0,102.0,66.0,19.9,31469.0,,5.2,1.5,0.884,0.91,0.899,0.8690000000000001,12.9,12.9,12.9,20.2,9.9,25.0,3.8,0.7879999999999999,0.779,0.652,0.92,5.0,3.0,2927.0,75.0,59.0,69.5,64.2,82.2,83.9,80.3,0.956,0.91,5.0,12.9,12.9,12.9,119.6,41.0,3.1,72.0,3.9,18.0,69.5,13.4,20.2,88.8,87.3,90.3,4.9,0.9,7.9,0.8,92.1,1.5,-0.2,12.0,1.5,0.28,3.7,100.0,47.3,22.5,1.0,5.2,5.9,10.6,8.0,90.0,,45.4,1.05
 Italy,3.9,6.3,6.5,0.15,5.3,0.47,1.03,11.3,0.053,9.0,172.1,0.7879999999999999,3.6,69.5,42.4,24767.0,43638.0,16.3,16.7,15.9,55.8,0.8,31.4,31.4,78.6,0.968,0.08900000000000001,17.0,33946.0,2063.5,99.0,102.0,103.0,63.0,16.7,33946.0,0.3,6.5,0.8,0.858,0.887,0.8740000000000001,0.88,11.3,11.3,11.3,17.0,10.6,19.8,3.4,0.705,0.774,0.706,0.9309999999999999,2.0,13.0,48576.0,55.6,39.4,58.3,48.5,82.6,84.9,80.2,0.9640000000000001,0.887,4.0,10.1,9.9,10.3,150.9,37.0,3.0,65.0,3.6,34.2,58.3,11.5,17.0,77.6,73.4,83.1,38.3,13.1,59.6,2.6,69.3,0.8,0.1,12.0,0.8,0.47,17.1,100.0,42.1,30.6,1.16,6.5,12.7,42.9,18.1,83.2,,21.5,1.03
 Jamaica,10.5,58.9,3.8,0.32,2.6,16.32,1.2,16.9,0.47,5.5,52.5,0.684,18.4,66.3,57.6,5899.0,9872.0,13.1,14.2,12.7,84.8,4.2,31.0,31.0,81.0,0.98,0.428,22.5,8051.0,23.0,78.0,,82.0,,22.0,7875.0,1.7,3.8,35.1,0.722,0.737,0.728,0.66,16.9,16.9,16.9,22.5,5.6,30.1,15.0,0.645,0.601,0.461,0.728,3.0,8.0,2080.0,40.4,56.6,77.2,66.8,75.7,78.1,73.3,0.857,0.737,90.0,9.6,9.6,9.5,105.0,101.0,14.0,166.0,16.3,13.6,77.2,17.5,22.5,63.4,67.1,59.4,1.9,0.3,2.9,0.2,54.6,35.1,-7.6,22.0,35.1,16.32,16.1,92.0,45.9,16.7,1.75,3.8,13.7,32.9,37.9,77.8,5.9,35.9,1.2
 Japan,3.7,4.4,18.0,0.26,9.5,0.08,0.89,12.2,0.127,10.8,345.7,0.838,3.7,71.1,57.7,26397.0,51521.0,15.2,15.1,15.3,37.5,0.4,68.5,68.5,94.7,0.971,0.125,23.9,37337.0,4752.1,86.0,100.0,101.0,63.0,24.0,38675.0,,18.0,0.3,0.887,0.9129999999999999,0.903,0.9,12.2,12.2,12.2,23.9,19.8,13.5,3.2,0.672,0.7909999999999999,0.778,0.945,2.0,2.0,13413.0,89.1,49.5,70.8,59.8,83.5,86.7,80.2,0.977,0.9129999999999999,6.0,12.5,12.6,12.4,123.2,39.0,2.0,73.0,2.8,41.2,70.8,12.4,23.9,91.8,93.0,90.6,78.9,32.5,128.2,5.4,91.3,0.3,1.6,16.0,0.3,0.08,5.6,100.0,42.9,10.8,0.92,18.0,3.6,6.3,9.4,97.0,,21.2,0.89
 Jordan,,25.2,5.5,0.35,3.0,17.78,1.19,16.4,0.163,7.4,106.2,0.696,3.7,69.3,34.5,2497.0,14385.0,12.9,13.2,12.7,113.1,6.1,1.1,1.1,97.6,0.851,0.485,28.0,8622.0,76.0,,,70.0,,27.2,8525.0,0.1,5.5,2.0,0.6509999999999999,0.765,0.73,0.672,16.4,16.4,16.4,28.0,16.9,20.5,11.9,0.579,0.609,0.534,0.732,2.0,2.0,3990.0,46.2,13.9,63.8,39.2,74.0,75.8,72.4,0.831,0.765,59.0,10.1,9.7,10.7,125.9,94.0,16.0,128.0,18.7,6.2,63.8,16.5,28.0,81.3,78.5,84.2,5.3,0.3,8.8,1.2,90.0,2.0,-9.1,17.0,2.0,17.78,3.1,100.0,16.1,12.0,2.08,5.5,11.9,31.5,9.7,15.5,11.4,60.6,1.19
 Kazakhstan,8.5,29.8,93.0,0.61,14.4,0.1,1.15,11.8,0.657,3.6,36.1,0.8059999999999999,20.1,59.4,67.3,16178.0,27581.0,15.0,15.3,14.6,65.0,3.3,1.2,1.2,99.2,1.0070000000000001,0.21,25.8,23587.0,407.8,57.0,112.0,106.0,48.0,21.6,21699.0,0.2,93.0,5.2,0.7929999999999999,0.7879999999999999,0.7929999999999999,0.813,11.8,11.8,11.8,25.8,5.9,12.7,16.7,0.758,0.698,0.7090000000000001,0.634,4.0,1.0,6333.0,66.0,65.6,76.8,70.9,69.4,74.2,64.7,0.7609999999999999,0.7879999999999999,12.0,11.7,11.7,11.6,163.5,122.0,12.5,300.0,14.0,10.1,76.8,11.9,25.8,100.0,97.4,99.2,11.7,1.2,17.5,2.0,57.1,5.2,-1.6,17.0,5.2,0.1,1.3,100.0,49.0,19.8,1.37,93.0,5.1,4.7,24.6,55.6,0.2,39.0,1.15
 Kenya,-0.5,85.4,423.0,0.11,0.3,2.35,1.3,31.2,0.183,5.5,44.7,0.528,37.6,47.5,58.0,2300.0,3137.0,11.5,11.1,11.8,51.3,1.3,7.7,7.7,17.2,0.929,0.562,22.4,2753.0,126.7,73.0,108.0,,,22.9,2716.0,5.7,423.0,5.0,0.551,0.594,0.5720000000000001,0.499,31.2,31.2,31.2,22.4,26.0,36.0,31.5,0.391,0.39299999999999996,0.319,0.48700000000000004,3.0,5.0,1261.0,16.5,62.2,69.3,65.7,66.2,68.6,63.9,0.711,0.594,525.0,6.3,5.7,7.0,73.1,188.0,38.2,270.0,53.5,4.6,69.3,31.3,22.4,32.0,27.8,34.7,25.6,1.2,46.0,7.0,25.2,5.0,-7.3,31.0,5.0,2.35,75.5,12.6,39.4,20.3,1.91,423.0,11.7,26.2,54.8,71.1,29.5,75.0,1.3
 Korea (Republic of),17.8,1.7,85.0,0.35,11.6,0.46,0.91,15.9,0.14800000000000002,7.1,162.3,0.862,5.7,69.7,60.1,20896.0,46140.0,16.6,15.9,17.2,95.3,0.7,63.5,63.5,82.4,0.9309999999999999,0.071,29.3,33426.0,1696.2,93.0,97.0,101.0,93.0,29.2,33534.0,,85.0,0.7,0.858,0.922,0.8959999999999999,0.878,15.9,15.9,15.9,29.3,25.5,18.4,3.9,0.642,0.7490000000000001,0.7170000000000001,0.912,1.0,1.0,14202.0,87.6,51.4,73.2,62.3,81.7,84.8,78.4,0.9490000000000001,0.922,12.0,12.1,11.3,12.8,113.7,39.0,3.1,92.0,3.6,17.0,73.2,16.4,29.3,91.4,88.8,94.6,36.9,6.3,50.4,2.2,81.7,0.7,3.5,17.0,0.7,0.46,2.8,100.0,41.5,16.3,0.94,85.0,3.5,10.0,25.4,93.4,0.2,19.4,0.91
 Kyrgyzstan,-10.1,39.0,142.0,0.52,1.6,30.03,1.17,14.2,0.436,8.3,15.9,0.728,31.6,48.0,57.4,1997.0,4074.0,13.2,13.5,12.9,125.1,4.6,3.4,3.4,69.3,0.961,0.38,36.8,3182.0,18.6,25.0,108.0,92.0,46.0,32.8,3026.0,0.2,142.0,3.7,0.645,0.6709999999999999,0.6629999999999999,0.515,14.2,14.2,14.2,36.8,5.0,17.7,20.0,0.691,0.5670000000000001,0.424,0.623,4.0,4.0,2849.0,28.3,50.3,75.0,62.4,70.6,74.6,66.6,0.778,0.6709999999999999,77.0,10.8,10.9,10.7,131.0,111.0,20.9,251.0,23.5,6.6,75.0,14.5,36.8,98.1,97.9,98.3,3.8,0.2,5.8,0.7,35.6,3.7,-3.1,25.0,3.7,30.03,26.6,99.7,38.9,23.3,1.36,142.0,8.1,14.0,42.7,18.9,14.6,47.4,1.17
 Lao People's Democratic Republic,-12.0,65.1,189.0,0.06,0.3,0.3,0.94,25.3,0.26,2.6,,0.47700000000000004,64.3,26.3,77.6,4611.0,5825.0,11.1,10.7,11.5,99.1,6.9,80.5,80.5,,0.925,0.47600000000000003,29.8,5436.0,35.8,32.0,119.0,59.0,18.0,29.8,5216.0,0.3,189.0,,0.562,0.608,0.586,0.597,25.3,25.3,25.3,29.8,34.1,20.3,21.5,0.314,0.436,0.47600000000000003,0.555,6.0,13.0,3164.0,14.3,76.8,79.5,78.2,66.0,67.5,64.5,0.7070000000000001,0.608,213.0,5.0,4.3,5.6,70.2,178.0,51.9,221.0,68.5,6.2,79.5,25.6,29.8,36.4,30.4,42.8,4.1,0.3,6.6,0.8,32.5,,-9.6,25.0,,0.3,60.5,72.0,46.9,25.0,0.86,189.0,0.7,1.6,84.5,,81.7,55.0,0.94
 Latvia,0.8,14.8,49.0,0.16,3.5,4.92,1.02,10.5,0.096,7.8,53.9,0.865,7.5,68.7,52.9,18164.0,26731.0,15.6,16.2,15.1,122.9,3.0,54.0,54.0,56.7,1.011,0.19699999999999998,22.7,22172.0,44.2,90.0,98.0,111.0,66.0,22.6,22094.0,0.6,49.0,3.2,0.8340000000000001,0.825,0.838,0.815,10.5,10.5,10.5,22.7,3.5,20.5,7.6,0.835,0.747,0.648,0.7709999999999999,7.0,5.0,1843.0,75.8,53.5,66.6,59.4,74.2,78.9,69.1,0.8340000000000001,0.825,18.0,12.9,12.0,12.5,118.2,89.0,4.7,242.0,5.5,28.9,66.6,10.8,22.7,99.1,99.6,99.3,1.3,0.4,2.0,0.1,68.0,3.2,-1.6,11.0,3.2,4.92,40.2,100.0,51.8,18.0,0.83,49.0,10.9,19.6,7.6,90.2,,22.6,1.02
 Lebanon,-15.8,12.8,14.0,0.31,4.3,15.03,0.97,20.3,0.10099999999999999,7.4,186.3,0.626,3.2,74.8,43.8,5567.0,21640.0,12.5,12.4,12.7,81.5,6.1,13.4,13.4,97.6,0.8909999999999999,0.39,24.2,13831.0,77.5,95.0,94.0,62.0,43.0,24.2,13657.0,0.1,14.0,4.3,0.6970000000000001,0.7829999999999999,0.7509999999999999,0.743,20.3,20.3,20.3,24.2,24.1,30.0,6.7,0.475,0.595,0.52,0.85,18.0,21.0,1355.0,73.0,22.8,70.2,46.7,79.2,81.1,77.6,0.9109999999999999,0.7829999999999999,16.0,8.4,8.3,8.6,78.3,51.0,7.4,72.0,8.7,12.0,70.2,20.9,24.2,54.1,53.0,55.4,3.8,0.5,5.6,0.4,87.9,4.3,-8.9,12.0,4.3,15.03,3.2,100.0,24.5,3.1,1.29,14.0,6.2,15.9,26.0,32.9,0.4,35.5,0.97
 Lesotho,13.4,90.4,852.0,0.43,1.1,15.03,1.13,34.9,0.27899999999999997,8.6,0.6,0.502,11.6,48.4,49.8,2383.0,3597.0,10.7,11.1,10.3,117.9,3.6,1.6,1.6,,1.011,0.5479999999999999,31.4,2677.0,5.7,31.0,106.0,52.0,10.0,27.3,2972.0,24.7,852.0,,0.509,0.504,0.509,0.512,34.9,34.9,34.9,31.4,24.3,47.0,33.5,0.38,0.327,0.272,0.34,2.0,10.0,1079.0,22.0,58.9,74.1,66.2,53.3,55.5,50.8,0.512,0.504,513.0,6.1,7.0,5.2,99.7,470.0,74.5,566.0,98.3,7.4,74.1,35.6,31.4,20.4,23.6,22.5,1.3,0.1,2.1,0.3,26.5,,-3.5,33.0,,15.03,51.4,11.8,48.5,26.8,1.22,852.0,24.8,34.9,59.4,,59.3,60.2,1.13
 Liberia,-50.5,132.2,308.0,0.27,0.2,25.12,1.28,34.1,0.446,14.1,36.0,0.425,43.4,44.8,54.7,605.0,797.0,10.0,9.3,10.6,137.0,35.8,43.7,43.7,,0.8340000000000001,0.655,19.5,805.0,3.5,158.0,96.0,38.0,,19.5,702.0,1.7,308.0,,0.39,0.46799999999999997,0.431,0.294,34.1,34.1,34.1,19.5,46.4,22.7,33.1,0.228,0.281,0.22699999999999998,0.42700000000000005,26.0,42.0,,5.4,53.9,58.0,56.0,61.5,62.5,60.6,0.639,0.46799999999999997,741.0,4.4,3.0,6.0,73.5,227.0,54.8,266.0,73.0,5.6,58.0,34.8,19.5,28.3,17.3,39.7,2.4,0.1,4.4,0.7,49.4,,-35.8,26.0,,25.12,83.9,1.4,48.5,11.7,1.0,308.0,2.3,3.2,77.2,,70.6,78.6,1.28
 Lithuania,23.8,13.3,62.0,0.17,4.4,4.35,0.98,10.0,0.142,6.2,45.3,0.88,9.2,66.1,52.8,22074.0,30412.0,16.1,16.7,15.6,160.1,1.0,34.8,34.8,68.0,1.028,0.131,19.0,26258.0,77.0,86.0,100.0,104.0,69.0,18.9,25912.0,0.2,62.0,5.4,0.86,0.8370000000000001,0.851,0.8390000000000001,10.0,10.0,10.0,19.0,5.9,17.5,6.6,0.8290000000000001,0.765,0.693,0.78,3.0,7.0,2063.0,72.1,54.1,65.2,59.1,74.3,79.6,68.8,0.835,0.8370000000000001,10.0,13.0,12.8,12.8,144.1,85.0,3.9,250.0,4.9,27.4,65.2,10.2,19.0,93.1,91.1,95.6,2.0,0.5,3.0,0.2,67.1,5.4,-2.7,13.0,5.4,4.35,27.7,100.0,52.4,24.1,0.75,62.0,10.7,19.3,9.9,77.9,,21.7,0.98
 Luxembourg,15.7,6.2,5.0,0.18,17.4,2.81,0.87,7.7,0.109,6.3,192.6,0.7829999999999999,1.4,87.6,55.6,51405.0,70140.0,13.9,14.0,13.7,382.3,-15.9,33.5,33.5,83.1,0.9740000000000001,0.078,18.8,93655.0,52.1,94.0,97.0,102.0,,19.0,60794.0,,5.0,0.7,0.883,0.9059999999999999,0.895,0.968,7.7,7.7,7.7,18.8,6.0,13.9,3.3,0.736,0.825,0.8340000000000001,0.914,1.0,1.0,1038.0,94.7,52.0,66.1,59.0,81.4,83.7,79.1,0.945,0.9059999999999999,10.0,12.0,11.6,12.3,144.2,38.0,2.1,79.0,2.5,20.1,66.1,7.8,18.8,100.0,100.0,99.4,0.4,0.1,0.6,0.0,89.9,0.7,-120.2,8.0,0.7,2.81,6.9,100.0,44.5,28.3,0.95,5.0,5.9,22.1,6.4,96.7,,23.9,0.87
 Madagascar,-2.8,117.3,235.0,0.1,0.1,2.68,1.0,26.7,0.267,4.9,17.3,0.494,73.3,18.2,86.2,1065.0,1601.0,10.4,10.3,10.5,69.9,3.3,21.5,21.5,,0.943,,15.6,1372.0,32.4,14.0,145.0,38.0,5.0,15.6,1332.0,0.2,235.0,,0.498,0.528,0.512,0.391,26.7,26.7,26.7,15.6,35.0,20.4,24.8,0.321,0.374,0.311,0.522,17.0,36.0,222.0,3.7,84.7,89.9,87.2,65.1,66.7,63.6,0.6940000000000001,0.528,369.0,6.1,6.7,6.1,41.2,198.0,36.4,248.0,50.5,5.1,89.9,27.0,15.6,,,,13.0,0.7,23.6,3.6,34.5,,-2.9,42.0,,2.68,72.0,,53.4,20.5,1.09,235.0,1.2,2.0,85.9,8.4,87.1,76.2,1.0
 Malawi,-10.7,143.6,227.0,0.07,0.1,0.64,1.08,32.6,0.48100000000000004,9.7,15.1,0.445,85.0,6.8,72.7,890.0,1231.0,10.7,10.8,10.7,73.3,9.9,33.6,33.6,,0.927,0.624,12.0,1090.0,18.6,,142.0,38.0,,12.0,1059.0,9.7,227.0,,0.449,0.485,0.46799999999999997,0.35600000000000004,32.6,32.6,32.6,12.0,30.2,27.7,40.0,0.311,0.314,0.258,0.387,3.0,15.0,819.0,5.8,72.4,82.3,77.2,61.9,64.4,59.4,0.645,0.485,638.0,4.4,3.8,5.0,33.0,248.0,43.4,362.0,63.3,5.8,82.3,32.9,12.0,19.6,14.9,24.2,8.9,0.5,17.1,2.9,16.1,,-10.1,73.0,,0.64,80.0,4.7,31.8,16.7,1.38,227.0,5.9,7.9,60.6,14.0,82.6,86.5,1.08
 Malaysia,12.7,13.2,92.0,0.33,8.0,0.47,1.1,,0.17800000000000002,3.9,140.5,0.708,12.2,59.7,62.2,17668.0,28765.0,13.3,13.9,12.8,138.3,3.1,67.5,67.5,96.6,0.975,0.284,25.0,24195.0,731.4,91.0,105.0,85.0,37.0,26.0,23403.0,0.5,92.0,,0.777,0.7979999999999999,0.79,0.8240000000000001,,,,25.0,,,4.9,,,,0.804,1.0,6.0,27437.0,63.7,50.0,77.2,64.1,75.0,77.4,72.8,0.846,0.7979999999999999,41.0,10.1,9.8,10.2,148.6,86.0,6.9,160.0,8.1,8.2,77.2,,25.0,77.1,75.4,78.8,20.8,1.7,30.2,2.5,73.6,,5.1,11.0,,0.47,4.8,99.9,39.1,14.2,1.19,92.0,2.9,9.9,21.1,78.1,1.4,37.0,1.1
 Maldives,,8.4,39.0,0.24,3.3,0.09,0.99,23.8,0.758,13.0,58.3,0.551,8.1,68.9,63.5,7028.0,16354.0,12.4,12.8,12.7,163.8,9.0,3.3,3.3,,0.93,0.363,,13737.0,5.6,,,,14.0,,12279.0,,39.0,,0.675,0.726,0.705,0.727,23.8,23.8,23.8,,40.0,23.2,8.1,0.331,0.529,0.5579999999999999,0.8029999999999999,1.0,1.0,1205.0,49.3,47.0,81.6,67.0,76.8,77.9,75.9,0.8740000000000001,0.726,69.0,6.2,6.2,6.0,163.1,58.0,8.2,83.0,9.5,5.8,81.6,24.9,,39.1,36.7,41.4,0.3,0.0,0.4,0.0,38.1,,-8.6,12.0,,0.09,0.9,100.0,30.8,5.9,1.27,39.0,5.2,12.9,22.8,,10.4,32.7,0.99
 Mali,-5.0,175.7,58.0,0.04,0.1,6.4,0.92,34.4,0.7390000000000001,5.8,21.4,0.285,66.7,25.3,66.7,1092.0,2528.0,7.5,6.7,8.3,60.5,1.0,3.9,3.9,,0.789,0.6759999999999999,17.6,1865.0,31.6,4.0,77.0,44.0,6.0,16.9,1810.0,1.1,58.0,,0.36200000000000004,0.45899999999999996,0.414,0.43700000000000006,34.4,34.4,34.4,17.6,41.6,16.1,45.6,0.166,0.266,0.36700000000000005,0.31,27.0,39.0,168.0,7.0,60.3,82.6,71.3,57.0,57.7,56.3,0.569,0.45899999999999996,601.0,2.3,1.7,3.0,138.6,263.0,71.4,282.0,118.3,5.2,82.6,35.6,17.6,11.4,7.4,15.9,8.4,0.4,17.0,3.2,39.2,,-1.1,42.0,,6.4,64.6,2.6,43.8,9.5,0.95,58.0,6.4,8.1,90.5,14.7,82.6,96.9,0.92
 Malta,,17.2,12.0,0.17,5.4,2.25,0.86,8.5,0.379,9.5,136.7,0.7979999999999999,1.3,77.7,50.6,20855.0,39829.0,15.4,15.8,15.0,285.3,1.4,1.1,1.1,97.8,0.9540000000000001,0.209,17.7,31846.0,13.8,108.0,102.0,94.0,45.0,17.4,30361.0,0.1,12.0,1.4,0.8390000000000001,0.88,0.862,0.863,8.5,8.5,8.5,17.7,7.3,13.3,4.8,0.7390000000000001,0.789,0.7490000000000001,0.887,1.0,2.0,1690.0,73.2,40.7,66.8,53.7,80.5,82.2,78.8,0.9309999999999999,0.88,9.0,11.1,10.8,11.5,128.4,41.0,6.0,70.0,6.9,26.3,66.8,8.5,17.7,76.9,72.7,81.2,0.3,0.1,0.4,0.0,94.3,1.4,77.5,13.0,1.4,2.25,3.9,100.0,38.5,14.3,0.87,12.0,5.8,11.8,9.5,95.6,,21.4,0.86
 Mauritania,-9.1,83.4,111.0,0.18,0.7,,1.08,32.9,0.435,4.2,,0.381,75.9,15.9,44.4,1920.0,5238.0,8.6,8.5,8.6,104.9,9.3,0.2,0.2,,0.84,0.631,52.2,3655.0,14.9,,97.0,30.0,,54.3,3590.0,0.5,111.0,,0.46299999999999997,0.551,0.514,0.541,32.9,32.9,32.9,52.2,40.8,21.2,36.6,0.225,0.34299999999999997,0.426,0.419,5.0,25.0,,10.7,30.8,67.9,49.4,62.9,64.4,61.4,0.66,0.551,629.0,4.3,3.3,5.3,92.4,183.0,57.0,227.0,86.7,5.5,67.9,33.4,52.2,17.3,11.1,23.5,2.3,0.1,4.1,0.6,50.2,,-9.3,34.0,,,32.0,2.3,20.5,22.2,1.21,111.0,10.0,17.0,44.4,21.0,16.8,71.7,1.08
 Mauritius,-8.3,28.3,22.0,0.18,3.4,0.01,1.26,14.1,0.218,5.4,114.0,0.7290000000000001,7.7,67.4,54.6,11301.0,24473.0,15.3,15.7,15.0,113.3,3.3,19.0,19.0,84.5,0.963,0.353,19.7,18256.0,23.0,103.0,102.0,100.0,39.0,18.9,17827.0,,22.0,1.5,0.763,0.7929999999999999,0.782,0.7829999999999999,14.1,14.1,14.1,19.7,13.2,19.8,9.2,0.632,0.6709999999999999,0.628,0.76,3.0,2.0,1038.0,44.8,45.1,73.6,59.1,74.4,78.0,70.9,0.8370000000000001,0.7929999999999999,54.0,9.1,8.8,9.4,131.4,95.0,13.1,194.0,14.7,13.3,73.6,14.2,19.7,60.4,57.6,63.6,0.9,0.1,1.3,0.1,41.1,1.5,2.8,19.0,1.5,0.01,10.6,100.0,37.8,18.8,2.13,22.0,7.7,24.6,17.2,80.0,1.9,28.1,1.26
 Mexico,10.2,64.1,21.0,0.23,3.9,1.89,1.08,21.7,0.13,5.7,49.1,0.655,13.6,61.6,58.3,10601.0,22033.0,13.5,13.7,13.3,65.0,2.3,34.0,34.0,90.2,0.951,0.358,21.9,16623.0,2064.9,70.0,105.0,92.0,30.0,21.0,16292.0,0.3,21.0,16.1,0.738,0.7759999999999999,0.7609999999999999,0.769,21.7,21.7,21.7,21.9,19.7,34.6,10.9,0.526,0.59,0.503,0.778,5.0,3.0,29346.0,44.4,43.6,79.5,61.3,76.8,79.2,74.3,0.873,0.7759999999999999,39.0,8.4,8.2,8.6,84.5,81.0,13.3,144.0,15.4,9.6,79.5,22.4,21.9,57.4,56.1,59.0,81.7,7.9,124.2,11.5,79.0,16.1,-5.5,27.0,16.1,1.89,9.8,97.5,40.2,36.8,1.02,21.0,4.8,9.4,28.0,38.9,11.9,42.5,1.08
 Moldova (Republic of),14.9,24.3,115.0,0.29,1.4,26.0,1.03,10.8,0.146,10.3,38.8,0.7140000000000001,30.5,51.6,39.7,4592.0,5965.0,11.8,12.1,11.5,120.1,4.3,12.3,12.3,88.7,1.006,0.253,26.1,4763.0,16.9,84.0,93.0,87.0,41.0,24.7,5252.0,0.5,115.0,3.2,0.6970000000000001,0.693,0.696,0.598,10.8,10.8,10.8,26.1,7.3,14.0,11.0,0.662,0.621,0.515,0.7020000000000001,6.0,10.0,94.0,67.0,38.3,44.7,41.3,71.3,75.5,67.0,0.789,0.693,24.0,11.6,11.5,11.7,91.8,100.0,14.1,246.0,16.4,13.3,44.7,10.8,26.1,96.2,95.2,97.3,3.0,0.4,4.1,0.2,42.5,3.2,-3.9,17.0,3.2,26.0,13.0,100.0,51.8,17.8,0.67,115.0,3.9,9.9,28.2,19.0,0.8,21.2,1.03
 Mongolia,2.2,24.7,192.0,0.63,7.1,2.09,1.04,12.8,0.46799999999999997,3.8,66.4,0.75,28.0,51.3,57.4,8617.0,12300.0,14.9,15.5,14.2,109.3,2.8,8.1,8.1,94.1,1.025,0.316,35.2,11349.0,33.2,,102.0,,64.0,28.6,10441.0,0.1,192.0,7.3,0.7440000000000001,0.725,0.7340000000000001,0.7020000000000001,12.8,12.8,12.8,35.2,9.4,12.3,16.6,0.68,0.64,0.616,0.627,1.0,2.0,393.0,19.9,54.0,66.8,60.3,68.8,73.1,64.9,0.752,0.725,46.0,10.1,10.6,9.8,103.5,132.0,16.9,299.0,19.8,5.7,66.8,12.8,35.2,87.8,89.7,85.8,2.0,0.1,2.9,0.3,68.2,7.3,-4.1,27.0,7.3,2.09,3.3,42.2,46.8,14.9,0.88,192.0,4.8,11.9,48.9,93.2,2.0,41.8,1.04
 Montenegro,,13.3,21.0,0.24,3.6,9.4,0.99,9.2,0.23399999999999999,5.9,57.9,0.7909999999999999,6.5,76.0,40.3,11486.0,18612.0,15.0,15.2,14.7,100.1,10.8,61.5,61.5,64.7,0.955,0.16,20.2,14797.0,9.2,,,,,19.0,15000.0,0.1,21.0,3.2,0.7859999999999999,0.823,0.805,0.757,9.2,9.2,9.2,20.2,7.4,12.6,7.6,0.732,0.731,0.662,0.8059999999999999,3.0,24.0,1350.0,61.0,42.6,55.9,49.1,76.7,79.1,74.3,0.873,0.823,7.0,11.3,10.7,12.0,161.4,67.0,4.2,127.0,4.6,20.1,55.9,9.2,20.2,89.2,86.9,96.2,0.4,0.1,0.6,0.0,65.5,3.2,-12.8,,3.2,9.4,46.0,100.0,45.1,17.3,1.02,21.0,18.0,35.5,12.2,57.9,0.4,27.5,0.99
 Morocco,18.8,32.8,101.0,0.24,1.7,7.09,0.96,28.5,0.16,5.7,111.9,0.504,37.3,43.1,44.5,3006.0,10909.0,12.1,11.6,12.5,81.2,3.2,12.6,12.6,88.5,0.825,0.52,32.2,7079.0,246.6,58.0,110.0,,25.0,29.7,6913.0,0.1,101.0,1.0,0.5770000000000001,0.7,0.65,0.64,28.5,28.5,28.5,32.2,45.8,23.0,16.8,0.273,0.457,0.493,0.708,1.0,1.0,10283.0,56.8,25.0,74.7,49.2,75.3,76.4,74.1,0.851,0.7,126.0,5.0,3.8,6.2,128.5,67.0,25.0,77.0,29.0,9.5,74.7,29.7,32.2,29.4,25.7,33.2,22.6,2.2,34.3,3.4,60.3,1.0,-6.0,26.0,1.0,7.09,11.7,84.6,18.0,11.0,1.07,101.0,9.7,19.9,51.5,,9.2,42.2,0.96
 Mozambique,-3.9,148.3,551.0,0.29,0.3,0.92,0.98,34.1,0.275,5.5,34.9,0.38299999999999995,74.1,21.5,59.1,1027.0,1106.0,9.7,9.2,10.2,118.1,29.5,48.5,48.5,12.6,0.903,,55.4,1080.0,29.4,,105.0,33.0,6.0,43.1,1066.0,13.0,551.0,,0.406,0.45,0.42700000000000005,0.35700000000000004,34.1,34.1,34.1,55.4,33.8,28.4,40.2,0.253,0.281,0.256,0.341,8.0,15.0,1661.0,9.2,82.9,75.1,79.2,57.1,59.1,54.9,0.5710000000000001,0.45,506.0,3.4,2.5,4.6,67.9,309.0,57.2,380.0,79.9,6.1,75.1,34.3,55.4,15.6,11.5,23.4,14.0,0.9,27.2,4.7,33.9,,-29.0,55.0,,0.92,88.9,4.4,30.7,,1.17,551.0,25.3,43.2,85.3,,78.5,88.2,0.98
 Nepal,38.9,67.3,158.0,0.13,0.3,29.44,0.77,25.9,0.133,5.8,70.7,0.488,72.8,19.3,81.5,2057.0,2568.0,12.2,12.6,11.9,52.3,0.2,25.4,25.4,15.8,0.915,0.496,41.2,2266.0,64.2,85.0,135.0,67.0,16.0,23.5,2305.0,0.2,158.0,2.0,0.5379999999999999,0.5870000000000001,0.56,0.474,25.9,25.9,25.9,41.2,41.4,15.1,21.1,0.28600000000000003,0.41,0.402,0.601,6.0,12.0,790.0,15.4,81.9,86.4,84.1,69.5,71.1,68.0,0.762,0.5870000000000001,275.0,4.5,3.1,6.0,81.3,138.0,31.0,180.0,38.0,8.7,86.4,26.8,41.2,32.0,24.1,41.2,17.4,1.5,28.3,2.9,18.2,2.0,,24.0,2.0,29.44,84.4,81.7,31.2,29.5,0.74,158.0,3.0,5.0,79.2,31.3,35.5,54.5,0.77
 Netherlands,14.3,4.4,5.5,0.22,9.9,0.17,1.02,6.5,0.098,10.9,218.3,0.902,2.3,81.5,59.3,36476.0,54749.0,18.0,18.2,17.8,154.3,13.4,11.1,11.1,90.9,0.965,0.046,18.5,45668.0,770.2,94.0,102.0,131.0,,18.0,45557.0,0.2,5.5,0.7,0.9059999999999999,0.9390000000000001,0.924,0.925,6.5,6.5,6.5,18.5,4.1,11.6,3.9,0.865,0.863,0.8170000000000001,0.91,2.0,4.0,13925.0,91.7,57.8,70.4,64.0,81.6,83.4,79.7,0.9470000000000001,0.9390000000000001,7.0,12.1,11.8,12.4,115.8,50.0,3.4,67.0,4.0,26.6,70.4,6.6,18.5,88.2,86.2,90.3,11.1,2.9,16.9,0.9,89.7,0.7,6.9,12.0,0.7,0.17,5.7,100.0,46.0,37.8,1.1,5.5,7.4,12.7,12.7,99.2,,25.8,1.02
 Nicaragua,14.0,91.0,55.0,0.17,0.8,9.6,1.31,23.7,0.21899999999999997,7.6,46.9,0.5529999999999999,31.4,50.9,63.0,2763.0,6855.0,12.1,12.3,11.8,106.7,7.4,25.9,25.9,40.9,0.946,0.46799999999999997,28.9,4785.0,28.8,,,,,27.3,4780.0,0.2,55.0,8.7,0.624,0.659,0.649,0.584,23.7,23.7,23.7,28.9,29.5,28.3,13.2,0.39,0.493,0.419,0.733,1.0,1.0,1330.0,17.6,48.9,84.2,66.0,74.9,77.9,71.8,0.8440000000000001,0.659,154.0,6.5,6.8,6.3,117.5,106.0,17.9,195.0,21.0,7.7,84.2,24.0,28.9,45.0,45.7,44.1,3.9,0.3,6.0,0.6,57.7,8.7,-7.2,,8.7,9.6,51.8,57.1,50.1,42.4,1.41,55.0,4.5,8.5,40.5,14.4,10.9,47.3,1.31
 Niger,7.1,198.8,98.0,0.12,0.1,2.66,0.71,28.4,0.40700000000000003,5.9,12.5,0.207,76.1,16.4,78.8,110.0,1664.0,5.3,4.7,6.0,60.3,10.0,0.9,0.9,24.1,0.27699999999999997,0.6679999999999999,37.4,904.0,17.3,7.0,70.0,19.0,,37.0,888.0,0.5,98.0,,0.11199999999999999,0.40299999999999997,0.345,0.33,28.4,28.4,28.4,37.4,35.0,12.3,37.9,0.134,0.244,0.289,0.375,8.0,27.0,135.0,1.9,67.6,90.9,79.0,59.2,60.2,58.3,0.604,0.40299999999999997,574.0,1.7,1.3,2.4,43.0,239.0,53.8,267.0,99.2,5.4,90.9,29.3,37.4,6.1,3.6,8.4,9.0,0.5,19.1,3.9,16.2,,-10.4,36.0,,2.66,78.1,4.4,50.5,13.3,0.5,98.0,0.3,0.5,88.8,4.3,74.0,106.3,0.71
 Norway,21.2,6.1,6.8,0.15,9.3,0.15,0.86,5.3,0.377,9.3,134.7,0.907,2.3,77.3,62.5,58514.0,72774.0,17.7,18.3,17.1,68.6,0.7,33.2,33.2,58.0,0.993,0.054000000000000006,28.1,63419.0,325.8,98.0,100.0,113.0,78.0,23.8,65684.0,,6.8,0.6,0.941,0.9470000000000001,0.946,0.98,5.3,5.3,5.3,28.1,2.3,10.2,3.4,0.8859999999999999,0.895,0.88,0.919,1.0,6.0,4855.0,96.3,61.4,68.1,64.7,81.9,83.8,79.8,0.9520000000000001,0.9470000000000001,5.0,12.5,12.5,12.5,111.6,44.0,2.3,69.0,2.8,24.4,68.1,5.4,28.1,95.3,96.1,94.6,3.4,0.8,5.1,0.3,80.7,0.6,8.1,9.0,0.6,0.15,57.2,100.0,48.0,39.6,0.86,6.8,3.5,7.8,5.4,100.0,,27.4,0.86
 Oman,-6.9,9.6,10.0,0.38,15.4,0.05,1.22,,0.619,3.5,41.6,0.6920000000000001,6.0,56.0,57.1,12424.0,52804.0,13.8,14.7,13.3,104.2,1.6,0.0,0.0,,0.943,0.281,24.7,40365.0,159.9,57.0,110.0,,35.0,28.8,38333.0,,10.0,0.7,0.7759999999999999,0.823,0.815,0.899,,,,24.7,,,7.0,,,,0.81,1.0,1.0,1611.0,70.2,30.2,86.3,68.4,76.6,79.1,74.8,0.87,0.823,18.0,9.3,9.9,9.0,156.4,70.0,9.5,112.0,11.0,3.1,86.3,,24.7,58.8,66.0,57.1,3.0,0.1,4.0,0.4,80.1,0.7,1.0,,0.7,0.05,0.0,100.0,12.1,9.6,2.39,10.0,16.4,46.1,9.2,63.5,0.3,30.0,1.22
 Pakistan,13.7,39.3,270.0,0.2,0.9,7.06,1.0,28.6,0.193,2.7,47.5,0.395,42.2,34.9,51.2,1391.0,8088.0,8.1,7.4,8.7,30.9,0.8,2.0,2.0,59.7,0.736,0.5529999999999999,14.6,4576.0,849.1,70.0,93.0,42.0,10.0,13.0,4832.0,0.1,270.0,7.2,0.447,0.607,0.5479999999999999,0.586,28.6,28.6,28.6,14.6,44.4,11.6,29.9,0.22,0.384,0.518,0.498,20.0,29.0,,12.0,23.0,80.1,52.2,66.1,67.1,65.2,0.71,0.607,184.0,5.1,3.7,6.5,73.2,143.0,67.3,179.0,83.3,7.4,80.1,29.9,14.6,35.4,26.5,47.3,111.9,8.3,185.5,24.4,35.8,7.2,-2.3,47.0,7.2,7.06,46.6,94.1,10.0,19.7,1.11,270.0,1.8,4.2,58.9,4.8,32.9,58.4,1.0
" Palestine, State of",,59.5,1.2,0.13,0.6,14.19,1.11,14.9,0.18899999999999997,,,0.655,9.3,61.3,32.4,1649.0,7896.0,12.9,13.7,12.1,73.8,1.3,1.5,1.5,,0.865,,19.0,4320.0,18.6,51.0,95.0,82.0,44.0,21.6,4817.0,,1.2,0.8,0.611,0.706,0.679,0.585,14.9,14.9,14.9,19.0,16.5,15.0,13.1,0.547,0.578,0.498,0.71,1.0,1.0,556.0,53.7,18.1,70.0,44.3,73.1,75.1,71.3,0.8170000000000001,0.706,47.0,8.9,8.6,9.3,70.5,97.0,17.6,139.0,20.6,5.2,70.0,14.9,19.0,58.8,56.3,61.2,2.6,0.1,4.5,0.7,75.1,0.8,1.6,24.0,0.8,14.19,10.5,100.0,15.3,,1.72,1.2,27.0,44.3,40.1,21.2,2.2,71.6,1.11
 Panama,31.9,85.0,47.0,0.11,2.3,1.51,1.11,21.7,0.129,6.8,78.0,0.6809999999999999,15.7,64.2,62.9,14268.0,23059.0,12.7,13.3,12.1,119.1,10.0,62.3,62.3,80.7,1.004,0.466,44.3,20018.0,78.2,47.0,99.0,75.0,45.0,40.6,18677.0,0.8,47.0,14.5,0.782,0.779,0.7809999999999999,0.79,21.7,21.7,21.7,44.3,16.6,36.5,12.1,0.568,0.606,0.502,0.779,4.0,10.0,1745.0,44.9,50.9,81.4,66.1,77.6,80.8,74.6,0.8859999999999999,0.779,97.0,9.9,10.3,9.5,158.9,80.0,14.9,152.0,17.4,11.4,81.4,22.5,44.3,68.6,70.1,66.1,2.5,0.3,3.9,0.4,66.4,14.5,-10.2,22.0,14.5,1.51,19.8,77.3,41.5,19.3,1.52,47.0,4.8,12.6,29.9,40.3,6.1,43.6,1.11
 Paraguay,6.2,59.2,39.0,0.1,0.9,1.64,1.34,21.8,0.342,7.6,40.8,0.63,22.1,58.8,66.0,6481.0,9654.0,12.8,13.2,12.3,88.1,1.8,39.4,39.4,33.7,0.978,0.46799999999999997,16.3,8502.0,55.7,,,,,15.9,8092.0,0.5,39.0,8.8,0.69,0.705,0.698,0.664,21.8,21.8,21.8,16.3,16.2,30.1,19.2,0.528,0.544,0.46399999999999997,0.6579999999999999,5.0,16.0,649.0,43.0,56.0,82.7,69.5,72.9,75.1,70.8,0.8140000000000001,0.705,134.0,8.2,8.2,8.3,111.5,126.0,18.1,166.0,21.2,9.2,82.7,22.1,16.3,46.6,46.2,47.0,4.2,0.4,6.6,0.7,60.5,8.8,-5.5,,8.8,1.64,63.1,97.7,42.0,16.8,1.79,39.0,5.0,11.1,37.2,,4.5,48.1,1.34
 Peru,10.2,50.5,121.0,0.17,2.0,1.31,1.03,23.0,0.22699999999999998,5.1,,0.696,28.0,55.6,74.9,7970.0,14170.0,13.7,13.8,13.5,46.8,2.2,57.9,57.9,79.6,0.9490000000000001,0.387,24.6,11548.0,357.7,88.0,101.0,96.0,,24.5,11067.0,0.4,121.0,6.7,0.723,0.762,0.746,0.711,23.0,23.0,23.0,24.6,23.3,31.9,13.9,0.534,0.5710000000000001,0.484,0.722,2.0,11.0,3215.0,40.2,69.6,84.9,77.2,74.5,77.2,71.9,0.8390000000000001,0.762,70.0,9.4,8.9,9.9,102.9,96.0,12.9,155.0,16.6,10.2,84.9,23.4,24.6,61.5,56.2,67.0,20.2,2.1,31.0,3.0,77.2,6.7,-1.3,18.0,6.7,1.31,26.0,74.5,46.2,22.3,1.11,121.0,3.0,7.6,50.5,22.5,9.0,43.3,1.03
 Philippines,28.3,58.3,546.0,0.16,1.1,10.08,1.14,17.9,0.231,4.2,55.9,0.657,30.5,53.5,60.7,6357.0,9577.0,12.6,12.9,12.3,61.5,2.0,26.2,26.2,62.0,0.9940000000000001,0.43200000000000005,20.6,6586.0,659.3,,,,36.0,20.7,7980.0,0.1,546.0,9.7,0.687,0.691,0.6890000000000001,0.662,17.9,17.9,17.9,20.6,11.6,26.8,15.2,0.581,0.564,0.484,0.637,22.0,21.0,4833.0,49.6,49.6,76.3,62.9,68.8,72.3,65.6,0.7509999999999999,0.691,117.0,9.2,9.5,9.2,111.2,139.0,22.7,264.0,28.8,7.1,76.3,18.1,20.6,71.6,72.8,70.3,63.1,4.5,100.1,11.3,46.1,9.7,1.3,,9.7,10.08,28.6,82.8,45.3,27.2,1.06,546.0,3.6,9.6,39.3,37.9,24.4,51.6,1.14
 Poland,9.7,13.8,20.0,0.31,7.5,1.36,1.05,9.6,0.065,6.2,71.1,0.8220000000000001,11.5,58.0,51.7,18373.0,29015.0,16.0,16.8,15.2,93.7,3.6,30.7,30.7,90.1,1.0070000000000001,0.146,20.4,24347.0,925.5,80.0,99.0,106.0,68.0,19.7,23514.0,,20.0,0.7,0.853,0.847,0.8420000000000001,0.825,9.6,9.6,9.6,20.4,5.6,17.5,5.7,0.7759999999999999,0.76,0.68,0.831,1.0,3.0,16000.0,66.6,49.2,65.2,56.8,77.3,81.2,73.3,0.8809999999999999,0.847,3.0,11.3,12.1,12.2,148.6,64.0,4.3,163.0,5.0,21.6,65.2,9.8,20.4,83.9,81.1,86.9,26.8,5.8,38.3,2.0,60.4,0.7,-2.0,10.0,0.7,1.36,11.6,100.0,45.5,22.3,1.13,20.0,9.0,23.8,17.2,73.0,,21.3,1.05
 Portugal,1.5,11.4,24.0,0.17,4.3,0.19,1.02,10.0,0.079,9.0,173.7,0.755,8.7,67.5,50.6,21312.0,30291.0,16.4,16.4,16.5,80.0,5.7,34.9,34.9,72.7,0.9840000000000001,0.105,15.3,26024.0,270.7,91.0,108.0,116.0,65.0,15.0,25572.0,,24.0,0.9,0.8320000000000001,0.845,0.8390000000000001,0.8370000000000001,10.0,10.0,10.0,15.3,5.9,20.3,3.9,0.71,0.753,0.667,0.899,1.0,2.0,9092.0,64.6,53.8,64.4,58.8,80.8,83.8,77.7,0.9359999999999999,0.845,10.0,8.9,9.0,8.9,113.6,45.0,2.9,109.0,3.6,31.0,64.4,10.3,15.3,51.4,50.8,52.2,6.9,2.1,10.5,0.5,62.9,0.9,-2.6,13.0,0.9,0.19,30.5,100.0,49.7,31.3,1.06,24.0,13.9,34.8,14.5,86.1,,21.8,1.02
 Qatar,32.1,11.1,23.0,0.38,45.4,0.24,2.67,,0.527,2.4,81.9,0.698,1.3,45.5,86.6,56183.0,134958.0,13.4,14.8,12.0,99.0,0.5,0.0,0.0,100.0,1.028,0.539,31.8,120860.0,287.0,56.0,99.0,84.0,13.0,,115743.0,0.1,23.0,0.4,0.865,0.841,0.853,1.0,,,,31.8,,,6.0,,,,0.8370000000000001,1.0,1.0,2839.0,91.5,57.3,94.4,86.8,77.9,79.6,77.1,0.8909999999999999,0.841,13.0,9.8,10.8,9.5,139.2,47.0,7.4,67.0,8.6,1.2,94.4,,31.8,68.4,70.9,67.8,2.0,0.0,2.4,0.1,98.9,0.4,12.4,11.0,0.4,0.24,0.0,100.0,13.7,0.1,11.0,23.0,0.2,0.8,0.1,61.6,0.0,16.0,2.67
 Romania,6.2,35.3,86.0,0.18,3.5,1.7,1.02,10.2,0.099,5.0,37.9,0.765,28.4,42.7,51.0,16104.0,22974.0,14.5,14.9,14.2,82.8,1.9,29.5,29.5,72.8,0.987,0.34299999999999997,24.7,19678.0,391.8,90.0,,93.0,48.0,24.3,19434.0,0.1,86.0,1.5,0.797,0.807,0.802,0.7959999999999999,10.2,10.2,10.2,24.7,4.7,17.1,8.8,0.7290000000000001,0.7190000000000001,0.66,0.773,2.0,11.0,8442.0,54.1,46.2,63.9,54.7,75.1,78.6,71.6,0.848,0.807,31.0,10.9,10.5,11.3,114.8,81.0,8.1,188.0,9.5,24.5,63.9,10.4,24.7,89.1,86.1,92.2,13.6,3.3,20.0,1.0,53.9,1.5,-3.7,,1.5,1.7,24.3,100.0,43.7,11.7,0.82,86.0,6.8,23.9,30.9,56.9,,22.8,1.02
 Russian Federation,7.8,24.8,70.0,0.46,11.9,0.38,1.03,10.3,0.37,5.7,47.2,0.812,6.7,65.8,60.2,19720.0,29923.0,15.0,15.3,14.7,47.7,1.1,49.8,49.8,90.2,1.0190000000000001,0.287,22.2,25285.0,3693.8,84.0,99.0,101.0,79.0,21.2,24458.0,,70.0,11.3,0.815,0.8,0.807,0.831,10.3,10.3,10.3,22.2,2.3,18.7,9.8,0.794,0.722,0.675,0.703,3.0,2.0,32421.0,70.5,56.8,71.6,63.5,70.7,76.2,65.1,0.78,0.8,25.0,11.9,11.8,12.1,153.7,120.0,7.1,322.0,8.3,19.0,71.6,10.5,22.2,94.6,94.6,94.7,101.0,19.2,143.8,9.2,74.0,11.3,3.6,20.0,11.3,0.38,3.4,100.0,49.7,12.1,0.87,70.0,5.2,14.1,5.9,70.2,0.1,23.4,1.03
 Rwanda,-4.6,29.8,63.0,0.04,0.1,2.29,1.46,31.6,0.359,8.2,17.3,0.445,68.5,23.6,85.6,1374.0,1821.0,11.2,11.4,11.1,47.6,3.9,19.2,19.2,,0.9420000000000001,0.39799999999999996,25.3,1630.0,18.5,16.0,136.0,40.0,8.0,24.4,1593.0,3.2,63.0,3.8,0.494,0.525,0.509,0.418,31.6,31.6,31.6,25.3,29.4,35.2,30.2,0.314,0.348,0.271,0.496,1.0,3.0,926.0,10.6,86.2,87.0,86.6,66.2,68.2,64.1,0.711,0.525,304.0,4.0,3.5,4.6,68.3,182.0,32.2,236.0,43.4,4.9,87.0,31.6,25.3,13.2,10.5,16.4,6.4,0.3,11.3,1.7,17.0,3.8,-3.9,58.0,3.8,2.29,88.2,9.1,35.1,57.5,1.18,63.0,1.2,1.9,80.4,35.3,75.8,73.1,1.46
 Saint Lucia,-2.7,43.1,3.9,0.19,2.3,2.08,1.09,15.5,0.54,5.8,97.9,0.6609999999999999,14.8,68.3,52.4,8768.0,13792.0,13.4,13.5,13.1,,3.1,33.4,33.4,,0.987,0.35100000000000003,,12336.0,2.2,85.0,,88.0,17.0,,11230.0,,3.9,19.3,0.73,0.74,0.737,0.713,15.5,15.5,15.5,,9.2,27.4,9.9,0.6,0.619,0.518,0.764,1.0,1.0,338.0,36.6,60.2,75.8,67.8,75.1,77.9,72.5,0.848,0.74,49.0,8.7,9.0,8.4,106.8,109.0,12.4,167.0,14.0,13.1,75.8,15.9,,45.2,48.2,42.0,0.1,0.0,0.2,0.0,18.5,19.3,-0.6,14.0,19.3,2.08,2.1,96.9,46.0,17.2,1.26,3.9,22.7,46.1,28.8,,,28.9,1.09
 Sao Tome and Principe,,99.6,97.0,0.2,0.6,7.69,1.05,24.7,0.589,8.9,25.6,0.5,19.2,65.7,50.4,1764.0,4145.0,11.7,11.5,11.5,,7.6,55.8,55.8,,0.887,0.5429999999999999,,2903.0,0.6,40.0,107.0,74.0,10.0,,2949.0,,97.0,,0.526,0.594,0.5670000000000001,0.511,24.7,24.7,24.7,,21.4,25.8,26.9,0.39299999999999996,0.42700000000000005,0.379,0.521,2.0,8.0,,24.4,41.0,75.9,58.2,66.4,68.4,64.2,0.713,0.594,159.0,5.3,4.7,6.0,67.2,165.0,28.1,221.0,36.8,5.8,75.9,24.7,,37.7,30.8,44.8,0.1,0.0,0.2,0.0,69.2,,-4.5,33.0,,7.69,41.8,54.8,38.6,18.2,1.27,97.0,13.4,26.2,33.6,,,82.1,1.05
 Saudi Arabia,20.9,9.5,12.0,0.39,19.5,0.04,1.41,,0.706,5.1,1.8,0.787,5.3,71.7,51.7,18193.0,75825.0,16.9,16.0,17.8,80.6,1.1,0.5,0.5,100.0,0.878,0.257,28.8,49958.0,1537.6,18.0,118.0,117.0,58.0,25.2,50787.0,0.1,12.0,,0.782,0.89,0.852,0.941,,,,28.8,,,8.7,,,,0.762,1.0,2.0,18260.0,64.7,20.7,78.9,54.8,74.2,75.9,73.0,0.8340000000000001,0.89,12.0,9.5,8.8,9.9,171.3,80.0,11.9,99.0,13.8,4.2,78.9,,28.8,68.8,63.3,72.1,21.7,0.9,30.8,3.0,83.0,,3.2,11.0,,0.04,0.0,100.0,13.7,19.9,7.71,12.0,5.7,30.1,3.0,61.1,0.2,37.7,1.41
 Senegal,8.0,80.2,138.0,0.27,0.6,12.61,1.2,34.0,0.237,3.9,37.1,0.34700000000000003,53.7,26.1,53.3,1523.0,2829.0,9.1,9.3,8.9,75.4,2.6,43.2,43.2,53.7,0.8959999999999999,0.523,24.4,2219.0,32.3,15.0,84.0,50.0,10.0,25.6,2164.0,0.5,138.0,,0.45799999999999996,0.511,0.486,0.46399999999999997,34.0,34.0,34.0,24.4,44.7,27.7,29.5,0.192,0.319,0.336,0.503,6.0,20.0,963.0,17.7,44.9,69.9,56.9,66.4,68.2,64.4,0.713,0.511,323.0,2.8,2.2,3.6,98.9,160.0,36.2,227.0,52.3,5.6,69.9,34.4,24.4,14.6,10.2,19.2,7.8,0.4,14.5,2.4,45.4,,-4.5,32.0,,12.61,43.4,32.7,35.5,43.3,1.24,138.0,6.4,7.3,44.1,11.4,66.4,80.1,1.2
 Serbia,-3.8,20.3,24.0,0.4,5.3,8.36,1.03,10.0,0.106,9.8,52.4,0.7559999999999999,19.9,55.5,42.4,10212.0,15045.0,14.4,14.8,13.9,97.6,4.5,31.1,31.1,83.9,0.972,0.18899999999999997,17.5,13113.0,93.5,59.0,101.0,94.0,58.0,16.7,12574.0,0.1,24.0,1.4,0.764,0.7859999999999999,0.775,0.73,10.0,10.0,10.0,17.5,8.1,13.5,8.5,0.695,0.6970000000000001,0.632,0.773,3.0,14.0,1029.0,62.1,44.4,61.0,52.4,74.9,77.7,72.1,0.845,0.7859999999999999,17.0,10.7,10.2,11.3,132.2,79.0,5.8,152.0,6.6,23.6,61.0,10.1,17.5,86.7,82.3,91.6,6.0,1.4,8.9,0.5,55.6,1.4,-4.8,16.0,1.4,8.36,23.4,99.4,44.2,34.0,1.1,24.0,19.2,46.7,28.2,83.0,0.6,24.9,1.03
 Sierra Leone,0.3,123.0,310.0,0.11,0.2,1.25,0.66,40.0,0.6970000000000001,19.7,14.5,0.374,57.7,36.3,55.3,1467.0,1854.0,9.5,9.1,10.0,83.2,7.5,41.3,41.3,,0.8690000000000001,0.652,13.7,1692.0,12.0,,,,,13.1,1658.0,1.7,310.0,,0.39399999999999996,0.45299999999999996,0.423,0.424,40.0,40.0,40.0,13.7,49.6,19.2,51.2,0.18899999999999997,0.247,0.34299999999999997,0.23199999999999998,12.0,20.0,44.0,6.1,57.3,58.7,58.0,51.0,51.5,50.4,0.47600000000000003,0.45299999999999996,1410.0,3.3,2.5,4.2,67.2,398.0,89.4,406.0,124.9,4.6,58.7,41.6,13.7,23.1,16.8,29.7,3.9,0.2,7.1,1.1,40.4,,-7.5,,,1.25,73.1,,52.2,12.1,0.68,310.0,4.7,9.5,86.3,12.5,66.6,79.1,0.66
 Slovakia,4.5,22.2,6.8,0.21,5.7,2.37,1.01,6.1,0.174,6.9,65.2,0.821,3.5,61.1,51.5,20018.0,33992.0,14.8,15.4,14.3,180.3,-0.4,40.3,40.3,63.9,0.9890000000000001,0.187,22.0,27285.0,147.8,92.0,100.0,91.0,53.0,20.7,26808.0,0.1,6.8,1.3,0.8370000000000001,0.846,0.845,0.845,6.1,6.1,6.1,22.0,1.5,11.3,5.6,0.8079999999999999,0.792,0.7490000000000001,0.821,1.0,3.0,1475.0,80.0,51.1,68.1,59.3,76.5,80.0,72.9,0.87,0.846,6.0,12.3,12.0,12.3,117.4,63.0,5.2,154.0,6.2,19.2,68.1,6.2,22.0,99.3,99.2,99.5,3.9,0.7,5.4,0.3,54.0,1.3,-1.7,15.0,1.3,2.37,12.2,100.0,45.3,18.7,1.06,6.8,13.2,29.7,12.2,80.0,,21.4,1.01
 Slovenia,8.7,4.6,7.9,0.22,6.2,0.74,1.04,5.8,0.156,8.5,68.1,0.8759999999999999,9.6,59.4,52.1,24649.0,32184.0,17.3,18.0,16.6,144.2,2.0,62.0,62.0,59.7,1.0,0.063,19.6,28418.0,58.6,92.0,99.0,110.0,82.0,19.4,28386.0,0.1,7.9,0.8,0.8859999999999999,0.8859999999999999,0.887,0.853,5.8,5.8,5.8,19.6,2.6,11.0,3.8,0.8540000000000001,0.835,0.759,0.897,2.0,6.0,2411.0,71.6,52.4,63.2,57.7,80.6,83.5,77.6,0.932,0.8859999999999999,9.0,11.9,11.8,12.1,112.3,44.0,2.0,95.0,2.5,26.0,63.2,5.9,19.6,97.3,96.5,98.4,1.4,0.4,2.1,0.1,53.6,0.8,-12.6,17.0,0.8,0.74,22.3,100.0,45.6,26.9,1.19,7.9,9.7,20.2,15.1,97.0,,21.5,1.04
 South Africa,-0.1,48.4,834.0,0.72,9.0,0.26,1.07,33.0,0.11900000000000001,7.9,185.2,0.703,4.7,71.9,40.1,9280.0,14949.0,13.3,13.7,13.1,64.4,1.7,7.6,7.6,86.9,0.986,0.4,20.5,12390.0,675.7,80.0,98.0,102.0,20.0,20.4,12064.0,18.8,834.0,32.6,0.682,0.6920000000000001,0.685,0.7240000000000001,33.0,33.0,33.0,20.5,16.1,57.3,25.7,0.59,0.441,0.309,0.469,15.0,29.0,9549.0,49.0,46.6,60.7,53.4,61.0,64.6,57.5,0.631,0.6920000000000001,140.0,10.0,10.1,10.4,145.4,304.0,35.6,431.0,44.5,7.6,60.7,35.7,20.5,74.9,73.7,76.2,35.7,2.7,54.5,5.6,64.3,32.6,-3.3,33.0,32.6,0.26,16.6,75.4,44.3,40.7,1.17,834.0,24.9,51.3,8.9,70.4,16.0,45.2,1.07
 Spain,6.2,9.2,12.0,0.16,5.0,0.22,1.0,11.0,0.092,9.1,211.2,0.813,4.2,76.3,44.2,23981.0,38446.0,17.6,18.0,17.3,63.0,2.5,36.8,36.8,71.5,0.977,0.087,19.5,31195.0,1450.0,97.0,104.0,130.0,89.0,19.3,31088.0,0.4,12.0,0.7,0.8690000000000001,0.889,0.88,0.867,11.0,11.0,11.0,19.5,5.2,23.9,3.9,0.7709999999999999,0.779,0.66,0.929,2.0,4.0,64939.0,76.2,52.4,65.0,58.5,82.8,85.6,80.0,0.966,0.889,5.0,9.7,9.5,10.0,109.2,38.0,2.8,77.0,3.4,27.8,65.0,11.5,19.5,73.7,70.9,76.7,31.0,8.6,46.5,2.2,79.4,0.7,-0.3,13.0,0.7,0.22,17.4,100.0,46.2,37.0,1.08,12.0,24.4,53.4,12.6,97.6,,22.4,1.0
 Sri Lanka,23.2,16.8,65.0,0.08,0.9,8.87,1.38,11.6,0.204,2.8,60.9,0.7490000000000001,28.5,45.1,51.7,5813.0,15325.0,13.9,14.3,13.6,50.3,1.1,33.1,33.1,50.3,0.934,0.371,32.3,10650.0,221.2,94.0,101.0,,19.0,27.7,10403.0,0.1,65.0,2.7,0.731,0.7829999999999999,0.763,0.7020000000000001,11.6,11.6,11.6,32.3,12.8,13.7,8.3,0.653,0.674,0.605,0.775,1.0,1.0,1527.0,25.8,34.8,75.4,54.1,74.9,78.3,71.5,0.845,0.7829999999999999,31.0,10.9,10.3,11.4,107.3,75.0,8.5,200.0,9.9,13.4,75.4,11.6,32.3,80.5,80.2,80.6,13.7,1.8,20.6,1.7,18.2,2.7,-3.6,24.0,2.7,8.87,57.6,90.6,31.2,5.8,2.52,65.0,4.4,20.8,40.8,83.1,11.6,37.4,1.38
 Suriname,34.9,48.3,33.0,0.24,3.6,0.17,1.93,23.3,0.45899999999999996,5.8,38.7,0.621,2.7,73.1,49.8,10538.0,19651.0,12.5,13.0,12.0,97.9,-1.1,98.3,98.3,76.3,0.977,0.48700000000000004,70.7,15307.0,8.4,92.0,118.0,74.0,,70.7,15115.0,1.3,33.0,,0.7090000000000001,0.725,0.718,0.758,23.3,23.3,23.3,70.7,19.0,37.3,13.6,0.503,0.546,0.475,0.68,9.0,15.0,252.0,40.1,42.2,65.1,53.6,71.1,74.4,68.0,0.787,0.725,158.0,8.2,8.2,8.5,169.3,121.0,19.0,222.0,21.3,9.9,65.1,24.0,70.7,57.6,57.7,56.8,0.4,0.0,0.5,0.1,66.1,,-3.1,13.0,,0.17,25.4,72.3,38.1,11.8,3.22,33.0,6.9,15.8,13.0,,9.5,41.2,1.93
 Sweden,17.8,5.4,7.5,0.1,4.5,0.79,0.94,6.6,0.091,11.1,156.7,0.882,2.0,79.4,58.9,39267.0,51043.0,17.0,17.8,16.3,85.8,-1.5,68.9,68.9,29.7,0.996,0.045,23.4,44168.0,428.3,96.0,121.0,133.0,62.0,23.1,45149.0,0.2,7.5,0.9,0.9179999999999999,0.9209999999999999,0.92,0.9229999999999999,6.6,6.6,6.6,23.4,3.5,13.1,3.1,0.851,0.8590000000000001,0.802,0.9259999999999999,1.0,3.0,5660.0,92.5,60.3,67.6,63.9,82.1,83.9,80.3,0.956,0.9209999999999999,4.0,12.3,12.4,12.2,127.1,43.0,2.4,66.0,2.9,30.5,67.6,6.7,23.4,88.0,87.8,88.3,6.2,1.9,9.7,0.6,86.2,0.9,4.9,12.0,0.9,0.79,49.7,100.0,48.2,44.7,0.93,7.5,7.9,22.5,6.7,99.8,,26.9,0.94
 Switzerland,16.2,3.4,5.9,0.07,4.3,0.34,1.0,7.3,0.256,11.6,174.0,0.892,3.6,75.1,64.7,47483.0,67686.0,16.0,16.0,16.1,116.9,3.0,31.6,31.6,48.7,0.988,0.046,23.2,57218.0,468.5,105.0,103.0,100.0,57.0,23.9,57472.0,,5.9,0.5,0.9329999999999999,0.9440000000000001,0.9390000000000001,0.96,7.3,7.3,7.3,23.2,5.7,12.3,3.9,0.841,0.87,0.8420000000000001,0.9309999999999999,3.0,6.0,9158.0,87.4,62.0,74.1,68.0,83.0,85.0,80.9,0.9690000000000001,0.9440000000000001,5.0,13.4,13.9,12.9,135.5,37.0,3.7,63.0,4.2,26.4,74.1,7.4,23.2,96.7,96.1,97.4,5.5,1.5,8.2,0.4,73.7,0.5,0.1,10.0,0.5,0.34,23.4,100.0,46.8,28.9,1.06,5.9,4.8,8.6,9.3,96.7,,21.9,1.0
 Tajikistan,,38.3,91.0,0.24,0.6,36.64,1.11,16.9,0.35,6.7,19.5,0.664,53.7,31.4,53.0,2110.0,4083.0,11.2,10.5,11.9,53.9,3.3,3.0,3.0,54.9,0.9179999999999999,0.33899999999999997,26.2,2547.0,21.3,10.0,96.0,,25.0,25.8,3102.0,0.3,91.0,,0.618,0.674,0.645,0.519,16.9,16.9,16.9,26.2,6.5,15.0,29.3,0.621,0.5329999999999999,0.441,0.551,2.0,2.0,213.0,17.5,45.9,72.6,59.2,70.7,73.8,68.0,0.78,0.674,33.0,10.6,10.7,11.2,95.7,106.0,39.5,166.0,46.0,5.4,72.6,17.5,26.2,93.3,98.0,88.2,5.1,0.3,8.4,1.1,26.7,,-3.4,22.0,,36.64,45.8,100.0,24.1,15.2,1.12,91.0,10.5,18.5,51.2,9.1,51.2,57.1,1.11
 Tanzania (United Republic of),13.4,120.4,327.0,0.1,0.2,0.81,1.23,27.2,0.257,6.4,20.2,0.42,68.1,25.7,81.7,2041.0,2720.0,8.4,8.3,8.9,49.2,3.5,52.4,52.4,14.4,0.9259999999999999,0.547,30.1,2402.0,121.8,32.0,83.0,,,32.6,2376.0,5.0,327.0,7.5,0.498,0.5379999999999999,0.515,0.479,27.2,27.2,27.2,30.1,28.5,22.7,30.4,0.301,0.375,0.37,0.473,1.0,1.0,1113.0,7.0,79.5,87.5,83.4,64.2,66.1,62.3,0.679,0.5379999999999999,418.0,5.6,5.2,6.2,61.0,224.0,42.6,287.0,60.9,6.0,87.5,27.3,30.1,12.6,10.1,15.3,27.0,1.6,52.2,9.2,30.9,7.5,-3.5,43.0,7.5,0.81,86.7,4.3,44.3,36.0,1.69,327.0,2.1,3.7,83.9,34.3,70.2,87.7,1.23
 Thailand,11.0,50.8,171.0,0.31,4.6,1.6,1.19,20.0,0.076,3.7,167.2,0.629,33.4,43.1,70.2,12385.0,15906.0,13.5,14.4,13.8,131.8,1.2,32.0,32.0,79.8,0.9990000000000001,0.381,23.9,14857.0,1016.5,71.0,102.0,120.0,50.0,24.6,14106.0,1.2,171.0,3.9,0.74,0.741,0.735,0.748,20.0,20.0,20.0,23.9,16.1,34.0,9.8,0.528,0.583,0.493,0.762,1.0,1.0,24810.0,34.9,62.5,79.3,70.6,74.9,78.7,71.2,0.845,0.741,21.0,7.6,7.3,7.8,141.9,95.0,11.2,206.0,13.0,14.2,79.3,20.7,23.9,43.3,39.6,45.8,49.0,7.0,68.4,3.9,46.9,3.9,3.1,15.0,3.9,1.6,24.1,100.0,47.3,6.1,1.0,171.0,0.6,3.2,49.8,75.4,0.7,25.5,1.19
 The former Yugoslav Republic of Macedonia,10.9,17.6,17.0,0.29,3.6,3.23,1.02,16.1,0.18899999999999997,6.2,54.5,0.6759999999999999,18.5,51.2,40.2,8962.0,15156.0,13.0,13.1,12.9,112.5,0.5,39.6,39.6,79.3,0.945,,30.3,12298.0,25.6,34.0,91.0,81.0,38.0,23.4,12058.0,0.1,17.0,1.6,0.723,0.765,0.747,0.7240000000000001,16.1,16.1,16.1,30.3,10.6,30.1,7.6,0.604,0.622,0.506,0.787,2.0,7.0,425.0,68.1,43.9,68.0,55.9,75.4,77.4,73.4,0.852,0.765,8.0,9.5,8.9,9.8,107.1,69.0,10.1,128.0,11.5,17.3,68.0,16.7,30.3,,,,1.5,0.3,2.1,0.1,57.3,1.6,-8.0,15.0,1.6,3.23,21.2,100.0,39.2,33.3,1.04,17.0,28.0,53.1,24.8,64.0,6.4,24.0,1.02
 Togo,-22.9,90.8,58.0,0.28,0.4,9.53,0.82,33.1,0.247,6.5,40.5,0.499,40.2,42.1,76.5,893.0,1380.0,12.3,9.8,13.1,107.4,1.2,3.8,3.8,17.2,0.797,0.5720000000000001,23.1,1315.0,9.5,15.0,123.0,,10.0,23.8,1135.0,2.3,58.0,,0.418,0.525,0.48100000000000004,0.36700000000000005,33.1,33.1,33.1,23.1,38.9,23.5,36.8,0.305,0.321,0.281,0.385,9.0,18.0,282.0,5.7,76.1,79.8,77.9,59.6,60.4,58.8,0.609,0.525,378.0,4.7,3.2,6.3,62.5,259.0,53.4,291.0,80.4,5.1,79.8,33.4,23.1,35.5,23.1,48.9,4.0,0.2,7.2,1.1,39.6,,11.1,41.0,,9.53,72.2,16.3,53.0,17.6,0.76,58.0,1.9,2.8,81.1,15.1,66.1,76.8,0.82
 Tunisia,-2.6,7.5,35.0,0.24,2.6,4.93,1.01,21.4,0.146,6.8,86.5,0.64,14.9,42.1,40.2,4618.0,16087.0,14.7,15.5,14.3,102.2,2.2,6.6,6.6,88.4,0.893,0.297,23.5,10767.0,120.0,43.0,113.0,88.0,35.0,20.3,10287.0,0.1,35.0,,0.6759999999999999,0.757,0.725,0.7,21.4,21.4,21.4,23.5,34.6,18.9,10.6,0.419,0.565,0.568,0.7609999999999999,2.0,2.0,7163.0,46.2,24.9,70.8,47.3,75.3,77.4,73.3,0.851,0.757,63.0,6.9,6.1,7.8,128.2,72.0,12.5,114.0,14.6,10.9,70.8,22.0,23.5,43.9,37.5,49.9,7.7,0.8,11.1,1.0,67.8,,-2.3,17.0,,4.93,12.9,99.4,25.6,31.3,1.63,35.0,15.1,34.5,21.0,20.7,5.1,34.2,1.01
 Turkey,12.8,29.8,20.0,0.2,4.5,0.19,1.07,15.7,0.069,4.3,75.3,0.6779999999999999,21.1,51.1,45.2,13419.0,31283.0,15.2,14.7,15.7,51.4,1.4,15.1,15.1,89.6,0.9179999999999999,0.34,29.0,22402.0,1725.6,27.0,107.0,103.0,87.0,28.9,22203.0,,20.0,,0.742,0.809,0.778,0.816,15.7,15.7,15.7,29.0,14.2,21.8,11.0,0.5820000000000001,0.655,0.638,0.7559999999999999,3.0,6.0,39811.0,51.0,30.2,71.2,50.1,75.2,78.5,72.0,0.85,0.809,17.0,7.6,6.9,8.7,93.3,73.0,12.5,142.0,14.5,11.5,71.2,15.8,29.0,54.0,43.5,64.8,51.2,5.9,77.0,6.7,73.1,,-2.8,19.0,,0.19,11.6,100.0,25.9,14.4,1.29,20.0,9.9,17.8,29.5,44.5,1.3,38.9,1.07
 Uganda,-4.5,120.9,202.0,0.08,0.1,3.25,1.29,30.2,0.18600000000000003,7.3,20.8,0.495,71.6,21.6,69.5,1164.0,2043.0,11.2,10.9,12.0,46.3,3.9,11.0,11.0,,0.862,0.5329999999999999,27.3,1637.0,63.6,10.0,,,5.0,26.8,1601.0,6.9,202.0,11.5,0.46399999999999997,0.5379999999999999,0.5,0.419,30.2,30.2,30.2,27.3,29.4,27.3,33.8,0.349,0.349,0.305,0.39899999999999997,7.0,15.0,1266.0,16.9,66.4,75.5,70.9,59.2,61.4,57.0,0.603,0.5379999999999999,356.0,5.5,4.4,6.8,52.4,276.0,41.0,357.0,60.1,4.4,75.5,30.2,27.3,30.8,25.9,32.1,19.1,0.8,38.8,7.3,21.5,11.5,-3.9,,11.5,3.25,90.2,10.3,38.5,35.0,1.79,202.0,1.9,2.7,75.8,36.6,58.6,98.3,1.29
 Ukraine,-4.1,26.6,94.0,0.64,5.0,5.51,0.98,7.7,0.127,6.1,108.5,0.794,14.8,59.1,49.3,6215.0,10398.0,15.0,15.2,14.8,100.7,0.6,16.6,16.6,75.3,0.996,0.297,13.4,8243.0,354.5,,100.0,97.0,83.0,14.1,8147.0,0.9,94.0,6.3,0.7440000000000001,0.747,0.748,0.665,7.7,7.7,7.7,13.4,3.6,9.2,10.4,0.7659999999999999,0.69,0.604,0.71,41.0,44.0,12712.0,46.2,47.0,63.1,54.3,71.5,76.3,66.5,0.792,0.747,24.0,11.3,11.3,11.3,144.3,,8.4,,9.8,22.8,63.1,7.8,13.4,95.1,94.3,96.0,31.2,7.1,44.9,2.4,69.0,6.3,1.8,17.0,6.3,5.51,3.5,100.0,49.3,11.7,0.69,94.0,9.3,23.3,14.6,51.7,0.1,21.3,0.98
 United Kingdom,3.4,16.4,11.0,0.17,6.5,0.16,0.9,8.4,0.111,9.8,166.9,0.92,1.3,79.8,58.4,26345.0,49190.0,17.9,18.4,17.4,58.5,1.9,12.9,12.9,82.6,0.955,0.14800000000000002,17.1,38252.0,2471.6,90.0,108.0,127.0,57.0,16.4,37598.0,,11.0,0.9,0.897,0.9390000000000001,0.919,0.8959999999999999,8.4,8.4,8.4,17.1,2.8,17.8,4.5,0.894,0.84,0.736,0.9,2.0,7.0,32613.0,91.6,56.4,68.3,62.2,81.2,83.0,79.4,0.9420000000000001,0.9390000000000001,9.0,12.7,12.6,13.4,120.7,54.0,3.8,84.0,4.5,27.6,68.3,8.6,17.1,82.9,81.3,84.6,42.0,11.6,65.0,4.0,82.4,0.9,-5.0,17.0,0.9,0.16,7.4,100.0,46.8,23.0,0.91,11.0,6.1,17.0,12.8,98.7,,27.1,0.9
 United States,7.1,25.4,3.2,0.32,16.5,0.04,0.92,15.7,0.095,16.5,250.6,0.898,1.6,79.4,58.4,42248.0,63488.0,16.4,17.2,15.7,30.2,1.4,33.9,33.9,82.9,0.993,0.212,20.1,51922.0,16543.5,70.0,99.0,96.0,,19.7,52752.0,0.5,3.2,4.5,0.9129999999999999,0.92,0.9179999999999999,0.9470000000000001,15.7,15.7,15.7,20.1,5.3,35.6,6.2,0.85,0.762,0.61,0.853,3.0,8.0,75022.0,73.0,56.1,68.5,62.2,79.1,81.4,76.7,0.909,0.92,14.0,13.3,13.3,13.2,111.9,79.0,5.8,132.0,6.8,21.5,68.5,17.0,20.1,95.3,95.4,95.1,210.8,45.3,317.7,20.0,81.5,4.5,-0.1,15.0,4.5,0.04,8.8,100.0,46.4,19.4,0.97,3.2,6.2,13.3,6.3,94.8,,29.2,0.92
 Uruguay,8.8,57.0,29.0,0.1,2.0,0.16,1.21,14.2,0.215,9.1,35.6,0.736,9.1,69.9,61.1,13985.0,24683.0,16.1,17.1,15.2,49.1,6.7,10.4,10.4,46.8,1.0090000000000001,0.316,21.2,19828.0,67.8,88.0,109.0,111.0,61.0,21.4,19147.0,0.6,29.0,7.8,0.802,0.795,0.8009999999999999,0.794,14.2,14.2,14.2,21.2,9.2,24.2,9.2,0.6679999999999999,0.685,0.602,0.799,1.0,4.0,2682.0,61.5,56.0,75.8,65.4,77.2,80.6,73.5,0.88,0.795,15.0,8.6,8.9,8.4,160.8,77.0,8.1,137.0,9.5,22.4,75.8,14.5,21.2,53.4,55.0,51.6,2.2,0.5,3.4,0.2,94.9,7.8,-4.9,11.0,7.8,0.16,55.4,97.5,46.5,11.5,1.65,29.0,6.6,19.3,22.5,41.3,0.8,33.7,1.21
 Uzbekistan,,17.2,82.0,0.64,3.4,9.24,1.04,15.3,0.275,5.9,,0.7020000000000001,23.9,38.5,60.0,4088.0,7182.0,11.7,11.5,11.8,50.2,1.0,7.6,7.6,,0.9470000000000001,0.26899999999999996,24.2,5371.0,165.2,24.0,98.0,92.0,8.0,24.2,5629.0,,82.0,,0.674,0.711,0.695,0.609,15.3,15.3,15.3,24.2,1.4,20.1,24.3,0.6920000000000001,0.585,0.486,0.594,1.0,1.0,,35.5,53.6,77.2,65.2,71.0,73.8,68.3,0.785,0.711,37.0,11.3,11.2,11.5,70.9,104.0,24.5,182.0,27.6,6.2,77.2,15.8,24.2,99.9,99.9,99.9,20.6,1.3,30.5,3.2,50.8,,,18.0,,9.24,2.9,100.0,39.4,19.2,0.96,82.0,8.0,15.6,25.7,39.3,22.6,41.6,1.04
 Venezuela (Bolivarian Republic of),7.4,87.0,26.0,0.36,6.0,0.03,1.16,19.4,0.645,3.6,,0.7290000000000001,7.8,70.7,59.9,12785.0,20695.0,14.3,15.4,13.2,48.1,0.2,53.1,53.1,,1.0290000000000001,0.469,24.8,16745.0,514.7,73.0,100.0,91.0,,21.6,16725.0,0.6,26.0,61.9,0.787,0.765,0.778,0.773,19.4,19.4,19.4,24.8,17.6,28.4,12.2,0.601,0.625,0.5539999999999999,0.732,12.0,11.0,857.0,57.0,51.1,78.1,64.4,74.2,78.5,70.2,0.8340000000000001,0.765,97.0,10.0,10.3,9.5,99.3,91.0,14.5,195.0,16.8,9.3,78.1,19.7,24.8,68.9,72.6,65.0,20.1,1.9,30.7,3.0,88.1,61.9,0.1,,61.9,0.03,12.3,93.8,42.6,17.0,1.22,26.0,7.0,14.6,27.9,53.3,9.5,43.6,1.16
 Viet Nam,19.3,32.0,140.0,0.34,1.8,6.45,1.14,17.4,0.165,5.8,113.8,0.613,46.3,32.2,77.1,4559.0,5465.0,12.7,12.9,12.5,169.5,4.9,47.2,47.2,,1.0090000000000001,0.32299999999999995,26.8,5265.0,487.2,81.0,109.0,,30.0,23.8,5007.0,0.4,140.0,,0.6809999999999999,0.675,0.6779999999999999,0.591,17.4,17.4,17.4,26.8,18.0,22.0,12.1,0.503,0.5589999999999999,0.461,0.755,5.0,3.0,7874.0,41.0,73.9,83.5,78.6,75.9,80.6,71.1,0.8590000000000001,0.675,54.0,7.8,7.7,8.1,147.1,67.0,17.8,185.0,22.3,9.4,83.5,17.5,26.8,71.7,64.0,76.7,65.0,6.1,92.5,7.7,33.1,,-4.4,19.0,,6.45,37.0,98.9,46.7,24.3,0.95,140.0,1.9,5.7,62.2,32.0,10.7,32.9,1.14
 Zambia,7.7,94.0,406.0,0.08,0.3,0.21,1.04,33.8,0.6659999999999999,5.1,25.8,0.5770000000000001,54.7,34.7,69.2,2978.0,4159.0,12.5,12.0,13.0,80.1,5.6,65.6,65.6,,0.9329999999999999,0.561,34.0,3633.0,56.7,,,,,31.0,3563.0,12.7,406.0,5.3,0.5589999999999999,0.6,0.58,0.54,33.8,33.8,33.8,34.0,21.7,42.6,37.2,0.452,0.381,0.31,0.39399999999999996,4.0,15.0,947.0,19.0,70.1,80.3,75.1,60.8,63.2,58.4,0.627,0.6,231.0,6.9,6.4,7.4,64.8,265.0,47.5,355.0,69.6,4.9,80.3,34.4,34.0,39.0,31.7,48.9,8.1,0.4,15.6,2.7,41.4,5.3,-13.6,,5.3,0.21,88.0,3.8,37.3,10.8,1.17,406.0,7.8,15.3,78.1,33.2,68.5,88.3,1.04
 Zimbabwe,-19.7,109.7,278.0,0.41,0.8,11.98,0.83,26.7,0.316,8.9,,0.5579999999999999,67.3,25.4,78.8,1487.0,1926.0,10.3,10.2,10.5,67.1,3.0,37.2,37.2,,0.9259999999999999,0.534,11.8,1925.0,29.7,,,,,11.8,1701.0,14.3,278.0,,0.505,0.545,0.525,0.428,26.7,26.7,26.7,11.8,17.4,35.8,26.8,0.461,0.38299999999999995,0.275,0.44299999999999995,2.0,8.0,1880.0,16.4,78.0,88.8,83.2,59.4,60.9,57.7,0.606,0.545,401.0,8.2,7.5,8.9,76.6,359.0,44.4,414.0,64.3,5.1,88.8,27.1,11.8,57.7,52.4,64.7,8.6,0.4,15.4,2.5,32.5,,-3.8,,,11.98,81.0,9.8,43.1,35.1,0.59,278.0,5.3,11.4,66.1,29.0,75.3,74.6,0.83
